Team,Elo Rating for Total RPs
frc1577,8199.341756045187
frc1690,7582.594715859029
frc5654,4311.728146557667
frc2630,7159.5643402066735
frc5990,2237.138474397294
frc2096,4788.91125938924
frc5135,4954.903126941501
frc7067,5816.958241621825
frc3211,6607.371141224912
frc2230,4348.8953646932405
frc1574,6328.465687176371
frc6168,3260.1429427151147
frc4319,1046.2841783740068
frc6740,-37.8292425635881
frc4338,1706.1013437036336
frc1576,3710.278349695325
frc3388,7170.3347311291855
frc6741,-33.93582408215539
frc3065,6621.607614493199
frc3083,2145.4703247295397
frc4661,2148.0413479210297
frc6738,5837.094149472885
frc1943,4336.267987989914
frc9304,-1827.184362978703
frc5554,1049.4435369402088
frc4613,5842.245494796597
frc359,7179.7811472725025
frc4253,5847.5574050819705
frc4421,1721.7251957020758
frc9180,1724.9299642181113
frc7287,3271.519418445906
frc8871,-610.3038646544841
frc4627,5852.547023609803
frc1868,1728.5466154922283
frc5419,4368.443134494049
frc5997,-625.949309398047
frc8331,1731.889873939995
frc6390,1060.4874960763243
frc6351,1060.8051078136748
frc7167,1061.1256377440886
frc7190,-26.76099099957247
frc6364,5857.762863513841
frc7796,-615.604724801524
frc8339,-613.8184106924919
frc244,2745.316199207807
frc7688,-611.9764426620479
frc9292,-610.1253537713778
frc7787,-608.2596172216872
frc9277,-1823.9879014184176
frc7135,-2494.3481294261733
frc3256,1060.1271320241872
frc8338,-2493.707330663729
frc9079,-1274.738545859444
frc7173,-3754.0659842105883
frc5118,-4411.418822898885
frc216,4347.675911357758
frc7332,-4411.90101724141
frc288,1060.6075424356218
frc1622,2744.108244868729
frc7781,-8159.05706127083
frc3339,7755.456847829705
frc5987,4835.633463015618
frc2231,8189.478744439008
frc3316,2155.3579078004236
frc7845,7600.252531187077
frc2679,1061.9842175607603
frc2212,7606.169501001327
frc7039,7202.8209210107325
frc5614,7614.463180779918
frc1942,6646.837448087894
frc1657,-19.457278643198922
frc8175,1734.6185408878268
frc9303,3288.6864664594486
frc4586,3292.9853524102687
frc3075,5866.2035483751015
frc4590,7617.853962485606
frc1954,-594.6456691453374
frc5635,2158.8261864285428
frc4744,1065.0283609583319
frc6104,1065.3971167589289
frc5928,1738.178966681294
frc5715,8197.332369398715
frc7112,3720.080503046117
frc1580,3304.702645770147
frc4320,5870.103261518282
frc3835,-589.5298580144175
frc4416,-588.1035080243863
frc5951,2762.6529314058325
frc1937,1067.6993890231684
frc4522,7821.636185513519
frc3937,8851.631266807095
frc4766,3723.7720417854084
frc16,6375.827208514022
frc7525,3727.021135578351
frc4336,6382.147857676129
frc4265,9590.377728532716
frc1939,8220.290570564908
frc3039,8892.992325785684
frc1561,7802.785888946351
frc3102,-11.482868129594458
frc5454,5883.950519541668
frc3284,1068.0603610126464
frc1038,2766.109129167268
frc9067,1737.3382567230137
frc2393,2767.3564361014455
frc3931,4363.178168853861
frc4959,-580.1561648550609
frc3179,4365.769998713772
frc6055,1070.030381822533
frc1997,1070.2729843720608
frc5437,1070.4833411922355
frc7106,-2.1396180604653408
frc7430,-573.6965428200258
frc9073,2170.0605429973393
frc5002,1737.895109802233
frc6586,3331.044816872957
frc5006,5284.738232892079
frc7483,382.31367515265777
frc695,7230.304261526002
frc179,7572.3783092053645
frc5472,9583.024517164797
frc4065,8227.22809748258
frc3173,4369.306745317495
frc180,5251.8060396786295
frc4206,8231.472842561894
frc2383,3745.67409141461
frc11,5974.201029981822
frc7403,2778.880581182053
frc3932,6316.3069403610225
frc108,5259.378142021497
frc79,-2484.742624063395
frc5410,384.35955333350626
frc5557,2174.6061366600497
frc3653,3343.7118492534228
frc1523,-1267.5502274637859
frc8104,-569.7647381727132
frc2641,-568.7348370924494
frc7652,-1815.953177619383
frc348,2786.016290822891
frc7833,-1814.2401508692094
frc8817,3753.55417017406
frc2152,1740.1822200995205
frc744,-2475.8357488557413
frc6686,-2475.3290674851633
frc9040,-2474.832604474755
frc7500,2788.831062057096
frc1744,13.426455509030383
frc8791,-3749.5157616417
frc59,7237.307206901597
frc3627,-2474.1577597602836
frc4592,-564.5609070884434
frc8581,-7940.813923296943
frc6919,5261.379197174529
frc1683,7815.579763007986
frc4509,8610.995214086768
frc4112,471.41398544608853
frc9260,1080.7733727190152
frc4188,5907.3376575061875
frc4701,2791.6755152821443
frc7538,5911.662701028632
frc3344,-563.307348178017
frc8100,-562.4554017550095
frc8137,21.633904113986585
frc5848,-4410.3891282210225
frc4240,1073.0323594274332
frc5828,-2471.963438565292
frc3635,1071.7844467982252
frc3329,-3748.2359618347555
frc7470,1070.871784252197
frc8815,1743.2792654241953
frc4459,-558.2127566014811
frc9086,-6019.9347896638965
frc4730,-1810.3946948342732
frc857,5327.232759542427
frc3175,8618.911631517329
frc5505,3765.0723226823475
frc6637,3357.3346689002387
frc6569,4874.698237147012
frc4391,7822.345293784413
frc7782,1068.3424768582277
frc7250,2797.646633500878
frc4392,1745.2707664059865
frc573,8617.241811027663
frc5314,7248.625570948493
frc9249,-4409.832181341614
frc4375,-557.2637237113037
frc4835,-4410.117239622799
frc5534,8252.109475885754
frc6077,-3747.255760624489
frc2586,4386.215891827684
frc4988,31.50131104491533
frc7154,4388.856783176599
frc9188,-3746.7456430199236
frc6079,1065.0989421659795
frc5486,-2469.106962673529
frc6112,2801.3611546358825
frc3602,1747.2077811292518
frc1596,36.45978238221275
frc7768,-2468.7214089622234
frc6345,1063.253351812375
frc7826,1062.9522993641733
frc8382,2802.416822966291
frc4827,-4408.805419498941
frc7713,2803.6406473311454
frc5706,-550.9793906399236
frc7244,3365.333903040105
frc6088,-550.4027192835418
frc5213,-2467.968599792977
frc4376,-3745.564001445387
frc5714,-2467.611089633523
frc6558,1058.4974311374438
frc3357,8620.033492001981
frc3767,7256.060558001269
frc6081,7833.182243599895
frc1918,7264.67330710935
frc3603,4877.3191369923725
frc85,5924.433697696257
frc4377,4394.444017200314
frc7794,4397.131835302359
frc2054,8834.664086070217
frc7202,-549.7138236095775
frc3234,4399.790304347661
frc7289,-549.180782928494
frc6753,8261.089445863628
frc7054,8264.23559229264
frc1711,4402.418219088871
frc7155,41.764041293302384
frc3688,9117.371487891978
frc4967,7268.562349463105
frc2771,416.7224953828591
frc8612,2811.8358307454955
frc9106,1749.7734440207332
frc4237,1751.4282044378917
frc7226,4404.016723974031
frc6033,1061.239357770245
frc7160,3374.965919277931
frc6561,-2466.896989153596
frc5424,5927.721433104401
frc5086,1061.349605207028
frc6122,-2466.463454415997
frc6100,4406.372583889399
frc5878,-1805.7126353566161
frc5162,-545.8416861607462
frc8611,-2464.3487247391295
frc7855,-545.4091453495195
frc5227,-1802.9801047662772
frc7911,-4408.118290666399
frc6877,5930.4214616511745
frc8397,48.22095053922546
frc7256,2816.03588207481
frc7818,-542.9049148141108
frc302,6404.2555165129825
frc4422,4890.139812834134
frc4381,6684.935046226821
frc3656,6417.431784104737
frc4216,7269.583908928275
frc2832,3792.2345771140017
frc5066,50.991075498135515
frc6861,6424.888631677374
frc7197,8622.236494207644
frc1023,6714.578941234412
frc5676,4421.70917006436
frc7166,5947.244932312312
frc2611,9102.130511425323
frc7501,2818.437798707775
frc8297,-540.5326165696388
frc9210,53.50157789670831
frc3322,4423.954431185886
frc5090,5948.716077579227
frc9312,7275.494524072777
frc8373,2819.801212668463
frc2834,4905.527820635534
frc6556,2820.917623378284
frc1502,-538.2639552557339
frc7660,-537.9971443640209
frc7656,55.10619570027348
frc6570,4429.253470755555
frc5144,2822.221731726297
frc6150,-535.9588321312339
frc9209,2823.262694373736
frc8300,-2462.011008237214
frc8423,-2461.436523413747
frc8522,-4408.228769260433
frc9183,-5506.269286502099
frc5084,2824.3071934271507
frc4453,6437.63715821894
frc7221,1754.2683663846055
frc5205,-4408.352462024672
frc5559,-2460.8863540487987
frc1506,5965.099169369025
frc5460,8620.958842135493
frc70,7278.544532911516
frc33,7698.731259589986
frc4130,6446.94943854136
frc3668,6457.563012237561
frc245,5294.767603042549
frc7491,3391.5260831980363
frc9242,4431.691005972247
frc5641,1755.8551869346197
frc6067,-535.7223558617966
frc6610,-535.5955564831502
frc5436,5960.703500800563
frc4998,4433.643136283977
frc322,1757.377600610086
frc5660,7286.326956999436
frc9207,4435.549853244046
frc8193,-6018.224419048317
frc2145,1064.3558466595773
frc5538,1759.0477960831251
frc4994,4437.097150710124
frc5282,-2460.1443638084284
frc6102,-2459.411560939815
frc5193,-1798.0488830960358
frc5697,-535.5085468264426
frc8767,1067.3794634818453
frc5527,1760.6935203488931
frc7247,-3743.846186549974
frc1701,4438.863103433152
frc7790,6457.018912419504
frc5260,-2456.9002405961783
frc6631,1070.6961575160133
frc6073,1762.3364149050706
frc8385,1763.7443135170304
frc8728,8254.40767620442
frc6091,-535.1341375214528
frc894,53.17331692808069
frc9251,1765.1246233973632
frc7784,-4407.4464027566555
frc3538,6807.159760672313
frc67,7703.57526379162
frc4362,5301.560277387906
frc548,2824.6481817341573
frc503,3882.4825786999113
frc1025,1770.625979948212
frc6344,2825.587363982098
frc7598,1082.2634843871522
frc5167,7299.837615965665
frc308,2826.5041312312255
frc27,4937.671778759512
frc5561,8609.133037260148
frc3414,5962.556674069801
frc7056,7302.485001846003
frc5053,1082.8062927167318
frc8899,-4407.498791695403
frc7553,2827.352805768215
frc9204,1083.299845073963
frc7178,4446.416908586426
frc6120,4448.354288430498
frc2224,1769.392832136382
frc7224,4942.922570683218
frc6591,1770.7995457038764
frc9239,-2456.0324388203358
frc6528,4452.989170266329
frc66,5960.787554187812
frc6029,-533.1740225940396
frc6618,3398.111113871411
frc4737,4946.97612576187
frc5065,1088.9420583010008
frc6538,-533.1772806233025
frc3707,-533.4348418344891
frc5531,54.24645421704092
frc8519,2827.836815173856
frc7225,-532.3444578354004
frc8314,-3743.039541141406
frc5695,-4406.557609517739
frc4680,-1794.4775916615206
frc1714,2828.601147319824
frc2847,5961.765039711958
frc2264,2205.1712433898297
frc5348,2206.591993781684
frc6045,5316.762983573667
frc4728,11612.345907259669
frc5690,1089.0513552815285
frc7103,5964.106201992253
frc1816,4931.98521015772
frc7068,4460.412894526551
frc6175,1089.2412220819826
frc2574,1089.4073126005783
frc3042,3821.050567787937
frc5826,6468.487440841709
frc4511,56.29519501454024
frc3122,58.8429366358268
frc2531,-4406.471014953387
frc93,4462.987118606445
frc2530,5322.388265817104
frc8836,-530.3162505413235
frc2239,2207.782944111057
frc2823,4464.521816561147
frc1732,5967.178605430624
frc8744,6471.356224745319
frc2526,-530.9501165384535
frc3297,-1792.160573350336
frc4741,-1790.0991124483332
frc6217,-533.2247024771914
frc4009,4960.905250223788
frc3197,4469.855540737105
frc4011,7704.706069251372
frc7619,6744.463306864763
frc5653,1773.0673195598572
frc3267,-2449.173366610094
frc7041,-2448.0860445175244
frc2503,-2446.9942648047704
frc3276,5328.576510892402
frc2227,1780.5127999816873
frc5253,-3123.200126198404
frc3294,-3123.0580940356213
frc4693,434.8793403864627
frc5143,-3740.3147036098053
frc5464,7845.936292165574
frc2511,-4404.309109486896
frc2538,-4404.032991840634
frc2177,-4403.721050431572
frc6160,6481.852124835488
frc3291,-4403.379207640044
frc1716,-1238.5619242428588
frc8516,5331.412009462946
frc2861,-5504.159200280948
frc3692,1782.0006905484802
frc6047,-5503.226629975593
frc4656,-6015.468434090358
frc8372,-6015.188625034608
frc4229,1099.0816161152343
frc7797,-6880.1679807527335
frc7893,-6878.929127842355
frc8878,-1785.531037139063
frc6318,-7714.324441595383
frc5913,3412.2298517641666
frc2052,2209.14347944733
frc5232,3827.731330328415
frc4786,5969.630520706344
frc6421,6752.3640253753965
frc167,3829.4536527074083
frc4239,2828.2521875894995
frc7021,4470.090103950297
frc3883,10600.283656054908
frc2987,8243.501110925867
frc525,3410.2685836555443
frc7864,1785.786694072068
frc3418,1101.0009286274098
frc2502,3412.0439989619554
frc4230,1100.8716015225643
frc3381,61.92219788853298
frc1792,4969.782749693108
frc5720,1100.8522347214853
frc4531,3833.339351550007
frc6758,64.55427982447877
frc2491,4472.720411245409
frc6132,-535.707297775581
frc3928,4473.915199256461
frc5586,3837.832574638291
frc6574,7308.234027610228
frc4182,-1236.7586651868564
frc2472,1787.8706104365936
frc5271,-4402.924572566344
frc4624,4971.741871099434
frc2129,7711.941480291049
frc5576,-4402.540515223136
frc2501,-2442.5216584735153
frc3926,5334.160289323452
frc7530,-3121.875051268366
frc4778,3419.2289136834324
frc4166,-3121.740312504923
frc4623,-3121.607082544069
frc5541,-3121.475261842402
frc3023,439.68284157144
frc7273,-3735.149779358456
frc3100,8603.992513949488
frc2667,2828.5331867639106
frc2512,4477.260086825531
frc4181,-4397.626523319542
frc5339,-4397.3777017576285
frc4703,-4397.135146441388
frc2826,2829.0697337388197
frc8803,-3734.225638397169
frc7578,68.75756071505631
frc1675,1105.5000019004628
frc6147,-6014.776522150472
frc4226,2211.59480714374
frc7677,71.28530517296886
frc3212,-6481.788619939332
frc3755,-6875.325597391176
frc6044,-6874.123240661735
frc3298,-537.1157561667025
frc8700,-3120.8504543428985
frc7311,-8151.559333924597
frc4635,4484.104739595923
frc3478,5093.07170517533
frc7102,2829.8574481185
frc4010,5337.647635244662
frc6017,7715.519990593207
frc4403,-1781.3886193061037
frc3933,-539.2174324393111
frc9282,1105.5668080939881
frc5887,1105.4758523359299
frc8734,443.5058347518767
frc9213,444.5950404211547
frc3794,2213.0500305159267
frc6647,2829.975894913746
frc9280,-539.5080074627191
frc7421,5339.112150879357
frc6348,4480.596358294637
frc5959,1110.6843443373957
frc7546,-1779.2251168586363
frc8740,-1777.2291683918031
frc6676,-1775.256575143538
frc6694,-2430.522707219489
frc4775,-543.8793937024078
frc3158,2829.915094892339
frc3526,5340.075101459603
frc6170,-544.7616942290097
frc6106,-3732.6277823073215
frc5133,-3732.0600891670156
frc8293,-3731.4798094181683
frc6702,2215.69785160983
frc7725,77.49271071477418
frc2283,2831.3942180230297
frc4584,-4391.896739929189
frc8256,-4391.820995573409
frc5932,-4391.742323821687
frc3472,-2429.784390453372
frc9060,-5009.169651026271
frc4782,-6013.087980389132
frc6608,-6012.803853057951
frc8741,-6012.5166749085565
frc6832,-1773.4252156391824
frc3467,7717.9502575049955
frc4041,7321.846151362435
frc4564,8604.152665807596
frc95,7720.457142612072
frc6933,5971.6805265488565
frc138,9095.78315966833
frc5687,5973.318925516831
frc1922,7721.73571998928
frc8708,7723.6033208655235
frc238,9095.91331002996
frc8724,6770.4649504710105
frc1058,4995.234432563807
frc1247,-545.8313020847789
frc2876,4997.4698922119105
frc6161,-546.7184262428618
frc1307,-547.6228507880215
frc1512,-2426.846589661602
frc467,8248.423660586204
frc131,4485.798118488719
frc1073,8248.725412226786
frc6763,6497.324647156522
frc501,2831.741356225563
frc1277,5978.333348215406
frc5491,79.79364320341323
frc7314,-3730.4792428408405
frc7913,5979.860018614325
frc4925,3420.1654074967505
frc3566,-2426.280462368992
frc3597,3421.89457900402
frc5902,-3729.843392439316
frc8023,5981.267395294733
frc3451,1110.943310381152
frc1831,1110.8760574593512
frc811,4999.620091250254
frc6690,-547.8740052134402
frc4761,2833.2763136866806
frc151,1110.8562907038076
frc6762,2833.181675729502
frc663,5982.128266793806
frc3711,8614.52895530321
frc7034,7333.8502058531685
frc955,5419.989692299821
frc3218,4657.414911058937
frc4060,2833.4111904355154
frc2521,5358.053867319515
frc4127,2833.5991374828945
frc3674,6499.334217976542
frc1540,3424.0959145072907
frc6845,-4389.569780871405
frc2926,1794.0439509428013
frc1595,5989.4464954084815
frc6443,7333.862815969288
frc2811,7723.065635042736
frc6831,2834.268092113489
frc360,99.80886281497762
frc4662,-3729.0896411710864
frc4513,1795.0406663771755
frc1432,7338.600031221077
frc997,6503.463394255814
frc4061,8249.877705709087
frc5920,4494.795530453993
frc5468,5007.672307948998
frc2915,1114.6045820561212
frc3712,1114.5803823656927
frc6696,-3728.430862777053
frc5295,-548.3204106586095
frc2550,-549.2869631008034
frc5970,1114.5727463584415
frc847,86.25201101592424
frc4104,1114.6139931875095
frc4488,5009.665065895517
frc1359,4498.743311758151
frc2733,1114.6171387346535
frc6377,7725.072529409568
frc1477,4499.108111880852
frc6672,6517.9661687785065
frc6800,8858.619614806556
frc3847,7342.544015304514
frc3035,2221.7982403431074
frc624,8860.915343611001
frc9128,5009.772435952926
frc8556,-2425.732765903328
frc4610,4500.897080686878
frc2714,2834.6238589349678
frc2881,3848.0956932028525
frc3735,-1770.3546331297057
frc3029,-550.3472471598911
frc7540,4501.506585126094
frc5503,5998.496913054391
frc4295,2834.4877479493084
frc9054,4501.556109619552
frc8088,3425.1144461335084
frc2848,9106.627563022288
frc1164,2835.3668233697254
frc4734,1796.7605931233509
frc9311,1115.913896930489
frc6180,6510.711023907043
frc4328,88.79694351951554
frc2158,8634.975268143346
frc3545,-550.5661161567906
frc3676,-1768.394210608622
frc7088,-2421.925935957407
frc7091,-552.2780078464106
frc9289,-3727.715045027672
frc7119,-553.201455801928
frc8408,-1766.4510046546166
frc2789,-4387.243626845925
frc8769,1115.866123720602
frc2950,-554.746273223824
frc3743,-555.6194062922461
frc7125,-556.4705353322556
frc5052,-557.2956454923346
frc4717,-2420.0690563520902
frc5866,91.77363648446759
frc4499,7725.200093834736
frc2240,5364.1127038018385
frc4550,7726.45112014072
frc2122,8635.808576430434
frc5851,8636.682005646413
frc4068,7348.829982803319
frc8,5010.410944374433
frc192,1797.1869951859414
frc3374,3434.2257370951047
frc4585,2835.333211474965
frc1332,-1764.5263947703377
frc6411,4501.96420119142
frc701,93.79714993673582
frc2996,3427.284946766564
frc6844,1116.7417585691785
frc4598,-1223.5976296014342
frc4175,1786.9568504251865
frc3648,3428.373794073494
frc4593,6001.444546319626
frc4944,1966.1904898608354
frc6400,95.86204897283073
frc9138,3853.3957037562623
frc1569,3432.1264380230523
frc2972,5011.146123885109
frc3200,2838.4683229557295
frc8087,3433.186386506543
frc7436,97.77826303932777
frc7895,99.64195705887958
frc8174,-554.8141507420479
frc5933,-1222.4712110572439
frc3288,1118.7961807053962
frc9037,457.74278263130003
frc6358,2228.87010537493
frc2993,-1759.749109677422
frc3243,-1758.0582363533633
frc4348,-1756.386684686179
frc5071,-2414.8382823573997
frc8885,6797.274237271198
frc7634,1120.4360395142555
frc1828,-556.0927036307666
frc9044,-556.7527160259964
frc7906,-4387.199146285324
frc3405,-4387.154703486819
frc3245,-3113.4007717565396
frc1678,10117.63571468092
frc3255,5013.156487858257
frc6036,7348.105095046581
frc4481,5015.118553070986
frc972,6520.778896070917
frc294,1806.76316375081
frc4201,8637.362763880741
frc2102,1120.972735268885
frc4414,6805.6054042924325
frc3473,3433.972919430216
frc973,7885.108466099754
frc5089,-503.0686261827291
frc3863,2230.1396353242003
frc2465,5017.041310134824
frc687,8638.340458859759
frc2486,460.17394204318094
frc589,-1755.2990710319004
frc3647,6810.322445712593
frc1266,-556.9617509453097
frc4711,1122.6023118185763
frc3128,2231.2207565727003
frc6479,3855.651098578894
frc2429,1814.375647267523
frc498,3856.764410715883
frc3859,3857.8488822935096
frc4,461.9080811918937
frc1572,-557.4653821087107
frc696,7889.128052696134
frc691,-2413.196129726284
frc3008,3441.019428168614
frc1452,-1219.567182005224
frc3881,1124.5928422297886
frc5012,-557.1353872332636
frc1515,2232.5246581242645
frc7424,-2413.0125787899233
frc6658,4505.72039907929
frc3354,-2412.875913607524
frc2584,2841.9423793786486
frc1661,2841.3744305812006
frc1159,-3111.541231990977
frc2543,1124.1324145061221
frc8891,-4386.669596818693
frc4731,1123.644281684686
frc3328,2840.7557585730447
frc3940,9268.81267263154
frc910,7355.927847329404
frc1501,5157.604329998708
frc3487,9120.700725144157
frc862,6007.476965311984
frc3176,7349.346482207253
frc1024,7348.206776361792
frc868,7737.305308280302
frc71,8645.1014923121
frc45,6539.478311304807
frc3147,6009.397876437243
frc461,4506.458335977088
frc135,3862.9409197484515
frc9208,5024.5863402115765
frc2197,2840.180014160395
frc5402,1123.1707868008004
frc2909,4506.812254473644
frc328,7348.79726254707
frc6956,7738.787889266565
frc1555,5026.069378804387
frc1018,6008.90402315101
frc6721,1813.344767051144
frc3936,-4386.632237293153
frc5484,9354.71002654972
frc2867,7350.138630714663
frc8103,1814.2840486820332
frc4926,6008.526826778297
frc4982,1124.3468694356336
frc7477,1815.2021128364504
frc3865,-2412.3586152754806
frc9071,3443.7534346250436
frc9119,-4386.595701574035
frc1747,2236.9664315481914
frc1768,6544.415028909807
frc125,6546.311316013688
frc7407,5374.187154240847
frc3314,8905.278068635133
frc78,6830.639193760813
frc8013,9134.832100763315
frc88,7346.23217025361
frc2713,7740.243935249025
frc6153,6554.9665431356825
frc61,6012.165632508806
frc2648,4507.22734926636
frc175,6011.216915480484
frc157,-2406.9730646946978
frc69,1124.6667462801072
frc6367,-1754.2308505581111
frc4908,-557.8415856944757
frc2342,6010.139348931516
frc5000,4506.433859997095
frc1474,1124.1575520478316
frc2262,6555.107863022193
frc5962,-558.3046317696426
frc4906,6010.229607159614
frc4473,2838.895733524168
frc9286,1123.641642560903
frc126,109.77910995214462
frc9055,4505.5378836038135
frc8604,1122.4926161476828
frc1965,3445.2079868725355
frc3719,-1752.4140970279361
frc6731,-3723.7732221943725
frc4795,7740.917486812137
frc4561,5042.7772783538385
frc7890,3865.9292102938753
frc3506,6015.864725419772
frc587,8243.742587414838
frc4935,4504.996605618568
frc6004,1817.3749130949327
frc900,8597.137075732775
frc4290,6555.292634910671
frc8429,4503.925085246045
frc3196,-2410.2938091016304
frc9000,5379.445187450555
frc5727,6841.5794437514905
frc2642,5431.281284496006
frc9150,2838.7194755334667
frc6888,1122.7297186339433
frc5511,1122.1756602548726
frc5679,-558.2971000094312
frc6729,3448.693583543326
frc6932,1818.4816065917917
frc6502,7349.852173492897
frc8090,-1750.8922865015713
frc9005,2838.4506728053293
frc8833,-2409.482137166504
frc8727,6562.58104812871
frc9298,-558.8610430686126
frc1225,-2409.486754809086
frc1533,5384.657036894822
frc6639,-4385.962934901799
frc4039,7371.221438225244
frc4976,6566.11415541056
frc1114,9530.600443619605
frc1325,6565.030701868133
frc4069,3618.6067482114613
frc9098,7347.395829965685
frc1241,3873.095311384069
frc1285,1819.7388436654142
frc4152,6014.256663881368
frc1360,1123.0206822161408
frc781,8286.528302146184
frc3161,1820.8528958801908
frc3739,1123.0622768582107
frc4920,7349.018565542484
frc5885,6012.76123187346
frc5031,6567.028653349617
frc7757,2837.3053451811948
frc7659,1122.3661232315674
frc7690,4503.461528220255
frc7200,-559.2536935295258
frc865,7344.32966783233
frc5672,-1749.449689755248
frc6864,5037.826230418647
frc8731,-3722.8530955915517
frc6859,1822.070358785961
frc4903,7912.087415242197
frc3543,1122.2978324867834
frc2935,1823.2039021281878
frc2056,9533.882795370406
frc2200,8289.223062798183
frc1305,6012.29644584389
frc610,6012.064192067919
frc4476,5039.581654562382
frc7558,7759.298855355448
frc2702,6008.845262824324
frc5409,5392.328279541872
frc188,1824.2569198681188
frc7480,6007.198026950348
frc6378,2835.8149301535245
frc5834,4504.529158356165
frc8349,1122.815341193245
frc4946,7758.936047347795
frc2386,6005.308395169954
frc6140,5043.296308689481
frc5036,2835.202707680825
frc8850,-1747.6697855696568
frc6514,1121.9720577384453
frc7712,7348.5508082027245
frc5719,5044.641963458714
frc6397,1121.0926766023272
frc6987,1120.1834995659867
frc6866,-1745.9146908561195
frc7476,1825.7864248659378
frc7603,-1744.1937424263517
frc6975,-3722.0869270459143
frc7902,-1742.5162125496256
frc4951,1826.7657889479665
frc9127,-2406.2552630458795
frc9113,-559.999260781299
frc6141,2834.178390124816
frc1246,-2406.3570416184693
frc771,2833.5057234155797
frc2539,9371.741172595739
frc5895,7772.013415382025
frc1218,5396.178290684687
frc1807,6869.597272918277
frc103,9392.492279094702
frc1640,5047.615882616273
frc341,6006.8015065504605
frc25,4556.457483969652
frc272,10185.315886089522
frc3637,3459.368090055399
frc708,6571.934530615608
frc423,1827.8764083799874
frc2607,9544.607820727177
frc365,4505.566113117596
frc5684,1121.1168215305706
frc433,3460.381162176245
frc1391,6015.493991876318
frc5181,4505.918598655957
frc816,1828.896470367338
frc4653,4504.484745273149
frc2095,-1741.0673688292939
frc5310,1120.7553418469088
frc709,-1739.4832059760845
frc6808,-2405.2852116875188
frc5113,-1738.0238608672348
frc5407,-1736.5722375221783
frc6226,4503.022445946611
frc2590,3877.074297959523
frc2559,1119.7674095795505
frc7414,6572.053688360788
frc2180,4501.7319256917635
frc2234,-4384.797838870737
frc7110,2834.175326743351
frc5490,-6012.205890715411
frc3005,6875.047773522363
frc2468,8662.756471320405
frc2582,6575.8082258957065
frc1745,6880.84673149421
frc3802,6579.125681876625
frc4192,3463.6812855054795
frc2687,8296.253311020295
frc4641,1118.7756231503813
frc5572,6005.98105457398
frc2689,7353.381651144203
frc1296,6017.489790960977
frc6901,4500.289957298496
frc7503,1117.7827670434767
frc7121,-560.4065583211327
frc9034,-560.7654192979854
frc9156,6002.6322978444605
frc8874,1116.7984782979113
frc8816,-1735.1111491829897
frc5431,3467.0701498784183
frc8858,4498.921464549472
frc9088,7351.663171258794
frc7506,2834.89125503005
frc5682,113.97897315855302
frc5417,8295.82654198891
frc8749,6000.514292180671
frc6171,4497.497626587628
frc7321,2834.1221789004658
frc5212,1830.6861443820944
frc6768,2833.2521186968183
frc6526,-2403.7524321001206
frc3282,-6872.283498915098
frc2363,7350.328310350664
frc1629,3034.899061554921
frc401,1118.004652696317
frc1731,8666.548655525989
frc6802,10183.274991497163
frc3136,5052.348628449766
frc623,7768.607382455233
frc5724,3467.772044309015
frc346,5998.598971882972
frc122,7351.104419781808
frc8230,5996.419373984471
frc422,2849.3251058653527
frc2106,1831.8262260236022
frc4456,7349.54182713262
frc3373,4497.407151066312
frc1262,-560.4784852385761
frc8592,6720.487844198177
frc619,-560.7936239439402
frc9003,-4384.782259998102
frc3939,6587.225948060439
frc404,1115.7758513280125
frc2028,8301.343097855577
frc6194,-2403.9925498393914
frc9235,-2404.2716379963686
frc9033,3468.852561474985
frc977,3469.566171353416
frc1915,1114.8441191514205
frc6504,1113.9312462014527
frc4505,-561.0890144066503
frc1086,1113.0404514231311
frc1885,1112.171598192938
frc3361,-5497.389247760014
frc3359,-4384.730423429279
frc540,1111.3267755939532
frc2910,3883.321035273858
frc2930,7772.575380085697
frc7627,5995.434166271138
frc488,7352.558277470286
frc4911,5993.205185152456
frc4915,5990.950497975066
frc1318,5054.584157911934
frc2522,5988.788578879494
frc2147,7350.165076018636
frc4681,-561.3718776913784
frc2976,5986.5626524258705
frc4173,1110.5076782513452
frc4131,5055.97737770203
frc3826,1833.6297170159794
frc2980,1834.3712535420086
frc2412,6907.937413546526
frc9036,7351.152322925893
frc5941,2838.2999161992375
frc4512,-561.6478326318753
frc1899,8669.121151924714
frc3049,117.1943750070523
frc4089,1110.5403920858196
frc4682,-548.5588689579466
frc5588,-561.1555844679756
frc8248,119.26170372100547
frc3681,2837.4642890471264
frc2903,-2404.5838265682664
frc949,4498.545583380595
frc2928,120.92609887733141
frc1778,9168.80969940299
frc3268,1835.387056816258
frc4980,1109.9821298505624
frc2097,-560.2788125505581
frc6350,122.7602072856334
frc2974,3887.6709894106953
frc6340,2836.656971872181
frc6341,5984.636808120833
frc1758,1109.1437343463265
frc5900,-559.9642288240225
frc8080,1108.4590319233694
frc6023,1836.5529794355984
frc6712,4497.760718512105
frc6705,1837.1607253008556
frc6944,-1733.4248444593159
frc6887,124.65700597177046
frc4516,1108.7834172550158
frc4026,4496.449727095784
frc7104,-4384.725790003698
frc1311,-3104.431814931987
frc1002,-4384.552001513905
frc7451,492.2983488223769
frc1648,-1732.2903776459978
frc7514,-559.5757902563884
frc3815,4495.148231268894
frc8866,5982.433330531129
frc832,4493.865884036992
frc5219,-1731.0772461201402
frc8761,-559.7843069892743
frc8865,-2403.427624677003
frc5934,8306.387882380744
frc111,8943.9664098559
frc2451,2835.8885294096026
frc694,6614.19104031667
frc2338,9542.957625474444
frc4327,5980.846546446551
frc8096,1111.2661805513665
frc3488,3889.4624795222026
frc3061,6914.317516192476
frc930,7949.947740979741
frc1625,3478.9278610790698
frc1781,7353.499460959416
frc379,2835.6786865255285
frc3067,-560.0005357136116
frc3352,3477.5482914932904
frc8029,4493.71709342752
frc3734,1838.226135183682
frc7460,5971.613112415088
frc112,3891.6892418708912
frc3390,-3102.777228124977
frc1739,494.23495678506805
frc8122,6598.819536992887
frc5822,1114.1969914378067
frc48,6920.263472173623
frc4645,3480.0370854226117
frc2358,4493.714007809424
frc8802,6601.525137951921
frc2151,-1729.9030333387961
frc2022,1838.9213072161149
frc7560,-1728.8563167747477
frc2013,5059.898680310312
frc2830,3480.66856456073
frc2506,2255.2132810356825
frc9082,1118.708387766676
frc677,1840.9536938890085
frc3110,-3102.731277981725
frc8880,-3102.6318283950495
frc5125,5414.762529646932
frc4702,-3102.5313918293937
frc4787,2838.548878828635
frc3695,1841.471409771943
frc7237,-3102.4296883825887
frc6651,-560.1094534197905
frc806,3481.3703660237434
frc5148,1841.8549107961724
frc2077,-4384.153584365604
frc5603,4493.67717421208
frc5166,6923.28782920443
frc1718,7785.300633170193
frc494,7846.136983310243
frc5612,4492.524595281673
frc1684,6000.400040328788
frc68,3896.084170363177
frc4779,2258.867519660466
frc314,7361.103242250902
frc3667,2840.331008246172
frc6098,6605.040508610016
frc5235,6604.217775618882
frc2604,3484.213499321467
frc5114,5980.623672965573
frc247,2840.2378093608154
frc5562,-4384.169811289508
frc8426,4492.909534038868
frc3568,-3712.131536742511
frc5517,5064.154605710077
frc2137,4492.634649101322
frc7762,1115.2017043458839
frc7192,1114.5573735763096
frc1076,3485.0653697011817
frc3098,5978.713019533182
frc5150,1843.8575223937426
frc3534,5065.58717130756
frc9237,1114.4542508134357
frc5860,2840.212768283277
frc6085,1844.4034101873078
frc4961,131.32990649494616
frc5183,-6010.707893882995
frc5533,-5495.911366847962
frc7772,1114.3575283048672
frc5046,2839.5160137755797
frc830,-4383.679520520481
frc453,4492.516772761287
frc51,8326.074019860338
frc3536,5420.413819792552
frc5560,4491.52553760897
frc4983,8313.140595300008
frc5907,1844.9256867458862
frc1481,3486.13859958082
frc3618,4490.536536398597
frc3655,9153.718443424546
frc1322,2839.5228190902867
frc5702,1845.2836409263182
frc6548,5978.83832984654
frc2246,1114.7982437213893
frc6078,7360.754777425024
frc5567,-2404.518858204665
frc8374,4489.490518638358
frc9241,2838.8627835660823
frc7254,-559.7690193522393
frc5674,5976.87485939724
frc8873,1845.7655901413184
frc5704,-1727.8687765075256
frc5708,-1726.9260884294367
frc3773,1114.7343964599474
frc7195,-559.911845699026
frc8424,1114.1721153406336
frc9203,-560.1015533873328
frc5234,-2403.9013296031335
frc5530,4488.456148434971
frc6002,5423.808893493727
frc2767,9425.292160117007
frc3620,1887.8286268914767
frc5152,3906.7106659439423
frc5675,1122.3901830651055
frc4776,2854.181780040531
frc5712,3905.4213967937744
frc74,7791.088614019101
frc5462,9183.691922633516
frc5927,5072.564159893885
frc1940,4491.598876476799
frc3875,-2401.9250354669807
frc5610,-4383.709953462609
frc4325,2838.5351253066074
frc6588,133.66234751715254
frc5056,2837.870306746969
frc5843,7361.697594910075
frc5182,-559.7539103541709
frc8126,6605.79310306169
frc5623,4490.580976555176
frc5110,2837.22091137373
frc7814,-559.9355058295753
frc3604,8344.665110002368
frc5982,2836.5811708911233
frc5980,2835.9532626640043
frc2959,3492.3960469398758
frc3658,5978.11096993851
frc5535,4489.671226062214
frc3452,1848.731157850183
frc6642,-560.1117115826275
frc94,1114.1716344660078
frc9228,-1725.5905251411098
frc5247,1849.091898396627
frc7210,135.46882089364715
frc7809,4488.6720197391305
frc2202,6936.546476158982
frc1706,6938.372947338023
frc4143,9565.91133071823
frc9031,1849.4643070000204
frc706,7366.77359514776
frc4256,8691.664022223455
frc7747,3910.5134161218816
frc1756,8967.590696091118
frc4500,3494.893931529921
frc967,-559.7358065566461
frc931,3495.2620380213116
frc1339,5076.3601934086955
frc1178,2272.6742210702064
frc6744,2273.6959140643844
frc5176,2274.6915790598446
frc4329,8787.168290226697
frc6823,6630.5395154366615
frc4330,1114.7408661883592
frc6420,6602.511680542997
frc6391,3495.731532393128
frc1259,3496.0837685834513
frc1208,-2404.1018474256175
frc7472,137.00322169015664
frc1982,5978.418244822073
frc2062,3496.4294510379727
frc5060,-559.3900083565245
frc1288,-559.5539463248107
frc7117,-1194.5970600165288
frc2978,-1723.3808437122213
frc34,-4383.746597309978
frc8069,-2403.9473233401313
frc8077,-2404.3104734695107
frc3792,-1722.3210616042008
frc8719,-3098.6645293475563
frc1329,-3098.597959493695
frc4418,138.46224099903498
frc3397,-4995.017752337737
frc5583,-4995.507984992895
frc4232,-5491.50226771403
frc7452,-5490.622367018927
frc7496,-5489.7522499049355
frc2408,-5488.891644832422
frc4931,-6004.593287085083
frc4607,3913.1565735093545
frc7028,5976.607225097384
frc7257,5076.172914548499
frc2509,1114.3839987130614
frc5638,3498.5664636162314
frc3275,3498.892597254916
frc3216,4493.668668995382
frc5172,3499.3249146679314
frc876,7793.8310769732625
frc4663,3419.9694554174152
frc4539,2275.9103406871286
frc6146,5075.936246661622
frc2470,1855.7149488207972
frc2883,3916.1887418595365
frc3134,139.77468791086753
frc3026,1114.5055873727895
frc4536,-4382.540338345796
frc877,1114.0307360760085
frc3293,141.15569733098894
frc8188,2851.7475956558706
frc2508,-6004.340328184307
frc3058,-1194.0022520924902
frc7858,-1193.831700332232
frc6628,5975.1599685334795
frc4198,1856.3153718416559
frc3313,7793.450556462869
frc2654,3916.784556606326
frc3277,-4993.305284084273
frc3630,8320.991642775953
frc3300,-1719.327698707333
frc3740,-1718.5429855113218
frc537,10594.334203070286
frc5929,-3098.510519440885
frc7038,-1717.7883777155669
frc4207,-1193.0831106484848
frc2175,3501.445901619801
frc8586,-3707.0199500457848
frc7235,-4381.546244786049
frc8255,-3098.1386923353843
frc8887,-4381.548650018842
frc8422,-4992.331873804021
frc5658,-4992.908807695643
frc4238,5432.694380914367
frc4360,-4993.493064556671
frc3691,-5480.665061119429
frc6453,-6002.634951365963
frc7048,1856.5516706384415
frc1619,6945.059526139485
frc6424,7794.871794861979
frc2352,5433.480235274114
frc3660,1856.7891602977074
frc1209,2852.043958570834
frc1108,4497.874315661948
frc5889,6615.081886596086
frc1410,9189.258397058047
frc4005,4496.923303832868
frc2165,1857.1312867030992
frc3160,142.26825051335865
frc2773,511.0379439635261
frc2341,5434.2809886463365
frc2373,512.0737545753559
frc4523,4496.04706454665
frc2945,2851.4067500284664
frc6026,-551.5742528532703
frc2333,1857.526397966597
frc9007,147.21917816764304
frc3247,-2403.766069954228
frc2395,148.1862682589354
frc2718,-2387.8997866560844
frc2359,151.71347139374805
frc4293,3507.6416012126588
frc3465,-1192.0937884273856
frc6809,-4993.566465382603
frc5578,-4994.15156383622
frc2986,-4994.730862891399
frc4603,-4378.04079946224
frc5550,-4378.042134513899
frc8711,150.15117718537752
frc1750,-4378.036110692148
frc2046,8964.859481233136
frc3636,7980.506450405816
frc2471,5981.3049254374155
frc1425,7376.489791014741
frc6343,-548.340775266085
frc2990,8327.156369806296
frc8532,6614.999658133124
frc3673,-548.5336986064133
frc568,-2403.583134871893
frc2635,514.3498122041708
frc4043,4495.235089254262
frc2374,5980.4515820525885
frc2898,1126.7613998468644
frc4450,2281.388434073952
frc6465,153.13502251640313
frc5975,153.96435160191476
frc957,5978.708232371347
frc3024,4494.318871056874
frc753,6614.795779138051
frc4125,3503.4572715586346
frc3679,3534.2774390079258
frc5892,8717.555757249234
frc5414,7375.84279738893
frc9140,5483.176937079151
frc6357,6615.312078073877
frc3561,2854.814848158562
frc4364,-1714.35146566838
frc2583,3505.3624398146667
frc418,5087.895680340224
frc5726,-3704.5679237148074
frc8610,-1713.6153427377128
frc4597,2854.8630958836784
frc5894,1126.389997950886
frc8827,5980.782941690135
frc8507,-547.6313359244754
frc8598,-2402.7259991310834
frc5103,-547.8189859962962
frc8625,-548.0032903342844
frc7521,-2402.840543977706
frc4332,-2402.9486903419142
frc8369,-548.1834468369174
frc7621,2854.1997979919356
frc7138,-1712.3825201384363
frc457,-2402.56503707545
frc6155,-2402.6605862124056
frc8114,-548.3261109827362
frc5986,-548.499771830957
frc9121,4494.6056337184455
frc6510,3506.3557972277727
frc3132,5089.104866424487
frc7433,5089.7779412024165
frc5584,3506.6610670940227
frc6996,3506.971011167743
frc6508,2285.564710688923
frc4774,2286.4962034025384
frc4817,1125.8471362132568
frc9144,1862.9211746098451
frc4729,1863.1772853237323
frc9191,1126.241743558195
frc9145,1125.6683731367805
frc6434,1125.1086126642645
frc9147,156.0362168801048
frc7128,156.83594961492972
frc6432,157.61876769416784
frc5985,3926.953855672804
frc5331,-547.2020174916353
frc7163,-547.3735442559977
frc4537,-1183.4054630576668
frc9146,-1183.284694787757
frc7561,-1183.1666052678631
frc4788,2860.4677127801287
frc5876,-1707.9096855723383
frc5648,-1707.20158175615
frc5988,-1706.5031200458204
frc6083,-2401.2377432833296
frc7583,-2401.3251556790483
frc6063,-3092.4164703596653
frc6575,-3092.4394379366368
frc9189,-3092.4741606665457
frc4739,-3092.5217059848937
frc8844,-3092.582999866041
frc5564,-4993.129131211421
frc6476,-4993.706686373659
frc6520,-6001.9665786919495
frc1323,10487.597173561693
frc8048,5445.220923513244
frc8033,6614.272088276505
frc1671,5982.869347497012
frc670,3927.5538155670547
frc5940,9442.543631534118
frc4738,8716.875622178988
frc1148,5447.233984011532
frc2551,4501.967946559898
frc2288,2859.8719071734636
frc100,-1182.395352241107
frc3970,9203.698475054622
frc8768,5095.625655746753
frc6305,4500.2179267436
frc9202,-1182.2679007458817
frc1422,1864.093381261454
frc8262,-3092.6575489009824
frc4400,7374.654571806542
frc1072,4470.853280377555
frc7777,158.64916629498646
frc5026,5448.64864042771
frc6822,159.40784237375723
frc6657,-1138.1048256774495
frc9274,160.51548426409428
frc5817,3511.9932162380464
frc6662,1864.5523552721593
frc7419,1126.7524856511002
frc6711,161.39103687320386
frc840,-3092.720900897065
frc8546,5986.327676191089
frc6238,2859.877329921803
frc2473,4497.957758718844
frc6918,3512.694041798945
frc5104,6959.714831439141
frc2135,1865.0808255798174
frc3189,2291.8564907928635
frc4322,1126.8659925652162
frc7157,4527.771518575485
frc987,6057.079858433777
frc3476,8981.451044283422
frc7137,2862.385808982755
frc1538,7275.358564167677
frc4123,6964.749955409498
frc2637,-1702.8165317952137
frc4014,5984.48099860442
frc5199,6621.951657798358
frc7447,3513.404652006872
frc4415,5100.4236461048595
frc2839,4498.134415070663
frc5461,4497.2613153064785
frc9271,1867.0514727658917
frc3882,8334.65298301746
frc1884,1867.3286898809579
frc1160,4496.3922647841255
frc6220,1127.309311512451
frc968,5101.815466573046
frc6560,8333.35289862787
frc5025,1867.7583527034446
frc3295,526.741838525089
frc7230,-1180.224440897908
frc6695,2862.644134021838
frc4276,2295.630112950347
frc6072,-3696.0244592209756
frc6499,164.216456782812
frc7042,3938.452279461058
frc4183,3516.181314879368
frc5835,-1180.0767722231324
frc867,-1179.943108724733
frc4619,-1698.7674142478627
frc3952,1131.0799262695002
frc3501,2865.0529168871285
frc3020,-1698.092262201703
frc4141,1130.5265452506685
frc4079,-531.5663787012479
frc8521,-1697.3870016685153
frc5805,-4375.573117448209
frc5857,-2398.135668123977
frc4984,1129.9851678322057
frc812,-4375.556214839717
frc4019,-6464.448482282719
frc5137,3516.7606840919566
frc3309,-1178.4254583368886
frc2813,5102.427762090272
frc2485,2865.0963325331268
frc1388,5984.393034160693
frc399,3939.8831629549572
frc1891,1129.45606246242
frc3880,1870.4675387916063
frc3512,7374.831590289207
frc8005,3519.118649570539
frc5869,-530.457484315454
frc9084,6783.546600289527
frc7323,-530.7002383101569
frc5285,-1695.3921441035131
frc1836,4991.764757239263
frc6995,5983.100772405071
frc5526,1872.8259733095817
frc6060,1130.0216421686491
frc5274,1348.8392978545019
frc2710,2299.3524372677643
frc7130,1131.8528833172547
frc5136,-2397.642400707763
frc3925,-3091.4558577454904
frc4270,5981.582656777256
frc3598,-3694.245746588836
frc599,5459.550098851627
frc1138,5982.238383728601
frc8533,-3091.2839528288455
frc7415,5101.293585454377
frc7327,-3091.424636373689
frc3759,-530.9029581544912
frc6398,-3691.7526589988265
frc4698,8332.192243605816
frc6934,-4374.565772186373
frc4160,1131.3538283954156
frc5678,-6000.377080123522
frc6764,-6000.128159672647
frc8006,-1175.9456876844886
frc7607,-529.8206940612502
frc176,7419.477298507828
frc177,6249.18241337789
frc8085,8983.37529451065
frc716,6626.125063911681
frc230,6974.74506868813
frc2067,7375.269210829682
frc237,8737.409084423663
frc5746,5101.800593943686
frc8889,7813.103963337342
frc839,-530.0544991996313
frc999,2300.252679684834
frc3654,167.34236614883994
frc1099,2869.8881690310873
frc3461,6628.76049358442
frc8167,3519.5049566668495
frc1071,5985.146079474843
frc5494,-529.8252995875889
frc3464,5102.491614244729
frc5142,-2396.518239347584
frc7694,5983.805101792775
frc9193,1131.0749722222126
frc236,2869.933015925128
frc1991,-530.0512468437086
frc2064,-530.2763251599745
frc2712,-2396.5128824102417
frc3634,-4374.546767951363
frc4628,1130.601267183759
frc1124,-5999.873066131487
frc2170,2886.2592658600724
frc155,1876.0418731934599
frc9216,-2396.508197814002
frc4572,2869.2300192896905
frc558,1130.5935804436224
frc181,-530.4924682050708
frc5856,-530.7106599125207
frc6346,4505.200397582319
frc7869,-2396.5018251703314
frc228,5982.262187510298
frc7457,6979.91836578732
frc7617,7627.280040163855
frc234,6632.154076037766
frc829,8337.281494267605
frc4272,4505.210520291681
frc3494,8335.873206625156
frc6498,8334.43543436519
frc5188,6631.192588371078
frc7657,4505.905789839203
frc5010,6630.510143823908
frc292,8742.265722343664
frc3947,2868.570405109878
frc3559,-2396.4962489885315
frc7454,5104.388794318405
frc2171,1130.1368650075988
frc1741,7819.042537321821
frc8116,5983.600642361661
frc8564,1129.685134074466
frc8742,5105.05144722767
frc1720,6629.759027717861
frc1646,3521.390806569511
frc4580,1129.2420324020861
frc3890,3521.660612457369
frc2199,4504.920776522867
frc1908,7390.33907893262
frc888,5983.201371396169
frc1123,1400.4341857342788
frc836,5106.287733948407
frc1895,5106.617114999894
frc4099,7819.554662835968
frc2914,168.8297005090205
frc1446,1878.3744635960368
frc1389,4505.778167134698
frc5338,-332.12609635969994
frc2900,1132.1772634501208
frc614,7391.068444200529
frc449,6630.217108291382
frc6863,8339.298077918686
frc7886,1131.7516593591724
frc6326,7389.937062634271
frc8326,1131.333628236499
frc611,2870.069807240138
frc2537,4504.856476616101
frc5587,-5452.347825127313
frc4821,1130.9244835612374
frc620,1130.5209359873215
frc5549,2869.4165296207907
frc5841,-6867.5805788156395
frc5830,-528.6514425265523
frc1111,8337.878653965661
frc4638,-2396.460548967663
frc8622,1879.6288917679121
frc2377,5983.192489846264
frc2534,-6866.396230141852
frc8514,-4374.284381061043
frc6239,-5998.747134152105
frc2961,-528.8654483301534
frc1189,5107.883217646883
frc469,8401.10040067427
frc7769,5477.402362987129
frc217,1158.7636003310797
frc226,6631.332057605612
frc7174,6996.282510733145
frc3539,8992.413713506485
frc201,548.1612345561465
frc3572,6813.242696004746
frc8427,-2396.4527777608164
frc5577,-529.0362929403127
frc6567,-2396.4446414577933
frc3096,4504.956404184637
frc7145,2868.8809955714087
frc5467,-529.2442347330066
frc8280,1134.880613526126
frc9250,-2396.4360429328704
frc5498,1880.406970231214
frc5555,5986.275123640793
frc313,-3690.7883894558254
frc5532,-1691.9090540172858
frc4768,-3690.335803786391
frc2048,-3689.8876253639196
frc4854,-2395.9429003798805
frc240,1134.865295358278
frc7597,173.2865325264931
frc9182,2311.0347860041243
frc2673,174.03223664777732
frc3632,1134.7486045268906
frc1528,-528.4518928114106
frc5478,-2395.9345266530213
frc8352,-4372.911606214234
frc5197,5111.056215733154
frc9148,1134.2090092896892
frc9253,1882.611319207115
frc2059,1165.754415238823
frc9008,2311.220987075501
frc7443,1884.6205771274813
frc3336,-2395.9261204861486
frc8738,5984.987067636207
frc4816,1135.108042983363
frc7671,2873.027157555254
frc5518,1134.6993704426684
frc5160,2872.35567437232
frc8758,-2395.917525606142
frc4829,2871.6903992827147
frc3229,-1166.69189572119
frc2640,-527.2624716678565
frc5190,7393.1840750729725
frc9259,175.65956348057972
frc6500,1134.4706007066547
frc8304,176.53342742088483
frc8804,2871.0314694410595
frc8746,1885.7619476894833
frc435,1134.6645811214555
frc3822,-1689.5409240069803
frc2655,1134.277505214715
frc3459,561.258832643513
frc9042,-3689.260285697495
frc3737,1886.3660053442286
frc8205,1886.6483322961353
frc6908,-4372.444392248248
frc4828,4504.994781516902
frc5919,-4372.426146827356
frc1676,6015.451747987655
frc1923,7433.703937735259
frc193,5982.875868172234
frc3142,5981.445413933292
frc752,-3688.5918923853133
frc1279,4504.1016797761
frc8117,6636.731843036475
frc7045,8338.0879749469
frc1811,1138.9442198025226
frc223,2870.6060205942463
frc219,1138.4971655423442
frc2577,7829.060877117965
frc4361,5980.83857512105
frc75,6636.262464216544
frc6945,-2395.416389265644
frc5732,-1688.7705177018008
frc5438,2869.9645911985335
frc1672,-1688.1241445556238
frc5992,2869.328835405376
frc2070,3526.5038126330464
frc56,2869.3892764531856
frc2458,-1687.4849639613442
frc222,8338.104136469075
frc102,5980.254561949638
frc41,-2394.063956604043
frc3515,1138.0621343640678
frc6860,-526.3306007308572
frc9116,1887.811768326097
frc484,6643.414945105499
frc4573,4503.340319246904
frc8513,1888.0938582264605
frc2600,-526.5370168202776
frc555,7394.900490489393
frc8628,-526.7407438088441
frc1143,-526.9417740171265
frc6329,8757.888395706485
frc6328,2323.8077496909104
frc5813,8339.412003581398
frc4909,6261.753516131663
frc319,8782.983091467575
frc8046,8340.156371123363
frc246,7834.953433523408
frc166,5490.883592614578
frc1740,9226.049912555727
frc1100,5116.088537825843
frc2423,4503.409070456453
frc1153,7395.978638869119
frc4048,9847.198129593076
frc509,8340.249534756904
frc8626,6636.872912955936
frc2877,8338.466463692299
frc6333,4502.507862680476
frc8410,5985.3854245526645
frc5112,8765.524886688458
frc2079,1138.5162216283568
frc8544,180.40366151068264
frc1350,-526.6694328127658
frc173,181.24547089572349
frc6620,-526.4005177835867
frc4451,9012.937622633044
frc4189,9844.52538141355
frc2815,5983.919723405452
frc3489,1139.095673993998
frc1102,8770.165032257191
frc4533,5982.466437642849
frc1319,5497.711439266796
frc1293,-4371.961812330696
frc1287,5984.577291581212
frc3490,5983.11673235243
frc342,4501.739084651126
frc343,5982.137610546952
frc1051,5503.860081847573
frc8575,-524.0812833507314
frc4823,-1686.4585190837781
frc6366,2871.5893206817846
frc3091,-2393.608291994859
frc281,6648.268777721586
frc5130,1138.0431803925364
frc6910,-2393.6039275295593
frc6167,-1685.5949068211683
frc9315,-3080.662042200086
frc4073,182.47168405930938
frc7085,5504.289072345347
frc6961,-3687.005762762336
frc3976,-3080.577345319754
frc1539,1137.7962551921855
frc118,9607.024825228014
frc324,5504.636637104039
frc5427,2325.846874971129
frc8576,1942.728969086791
frc231,4501.143814410629
frc5829,7395.528852115707
frc7616,7393.853241343771
frc9136,6639.264628952691
frc2882,3528.2598153279873
frc6645,183.32543008134553
frc8177,3528.5563950931783
frc4587,5992.090519728116
frc7115,-1684.9624070348557
frc5923,1893.552999979744
frc2585,-4371.462314322624
frc1255,4500.520610505704
frc3834,184.03091206370533
frc8573,4499.638129617435
frc4639,5129.861868714874
frc6488,-525.2034349455321
frc9181,-525.3728343546313
frc8370,4499.638083247991
frc7418,-525.5853909236669
frc8515,-525.7732960100843
frc2587,5990.865683104843
frc8750,2875.3254091602757
frc7492,185.18118954424733
frc3728,-3685.5098345160573
frc9307,-525.5043946310052
frc8591,-4371.002093294826
frc9081,-2391.7700997950133
frc5291,2874.6714917475083
frc6230,-525.6886699854496
frc7177,-525.8709342060774
frc8223,1138.5232705785484
frc2659,8768.548457966419
frc7426,5989.36964683521
frc2443,5987.884380581735
frc6413,573.5975733269503
frc1212,4498.7915700492795
frc2073,6640.133019146666
frc7645,3529.9851757202623
frc1165,4494.969697393495
frc4146,1894.2357588126013
frc9091,1894.5054822562365
frc60,4497.016002654883
frc2478,1143.2505234386076
frc2403,575.9570157690795
frc4135,-1680.5052398037965
frc4111,-3079.9288023738577
frc4565,1147.0264961468458
frc3853,-3080.15327015635
frc9059,577.7680683573449
frc6968,5132.1780824114885
frc668,3536.4724054328426
frc991,4497.097250023691
frc2662,-3080.373526810836
frc2449,-525.8533130237007
frc2840,-526.0296572861756
frc7214,-526.2038120389396
frc7755,-3080.5879212306654
frc6922,-1683.0545905339588
frc5059,-2389.045890356528
frc1011,-526.3396211180756
frc3019,-3080.2561333991966
frc3187,1150.5104458725598
frc7563,5132.745912964935
frc1860,1895.5958896743198
frc1156,8556.228985594531
frc7567,1895.8661528391615
frc9047,2330.963583117414
frc9164,1897.6194945055163
frc9200,1897.8784106675967
frc9305,579.8280648651596
frc9219,580.6671148890076
frc9199,196.55924274636223
frc7033,197.22156314398367
frc7565,4496.41261289379
frc5800,-525.5565755695714
frc7459,2878.5639043946903
frc9169,-1148.534393759704
frc9218,-1148.4894377356477
frc9163,-1148.4474065493155
frc8276,-1148.4083378054515
frc9165,-1677.6908350592796
frc9168,198.0255009743038
frc9048,-2388.04172198234
frc1772,-2388.0430384583233
frc9178,-2388.0439036079943
frc9045,-2388.0443223063176
frc9175,-2388.0442993123675
frc6404,2877.906171947355
frc6902,-3077.7871231504782
frc9085,-1676.3995717107316
frc9166,-3077.983147851976
frc9302,-3678.2751834097176
frc9261,-3677.887483598014
frc9049,-3677.503966569991
frc9066,-3677.124377965625
frc9162,-3676.7484199397736
frc9050,-4368.653316114574
frc9110,-4368.6408915953825
frc9046,-4368.627018135977
frc9087,-4983.093196108902
frc9195,-4983.729286866689
frc8066,-2386.5891501226774
frc9196,-6456.292298183669
frc8882,-6456.116125651255
frc8841,4495.873935652033
frc6722,5992.281953645471
frc86,5986.434470243001
frc4118,1898.4447266460343
frc9284,1160.1391140867222
frc5842,-519.1048101561181
frc386,5984.989537939089
frc1902,1163.639707083597
frc8753,584.7556812084748
frc6473,2877.3353267307766
frc6743,200.98825412966795
frc233,-3076.089927605881
frc4562,201.6159411215815
frc5145,1899.2016582737037
frc5816,-3682.039634102102
frc801,3976.388941910066
frc6527,-518.3659024455868
frc2425,-518.5625148195148
frc21,-518.7567986881166
frc8324,-4366.495428049687
frc5412,-1144.595911705688
frc1592,5983.555757770688
frc4622,-1674.4193168193265
frc7431,1163.3699671405923
frc4091,2336.543526874307
frc4013,-517.4340389495817
frc1369,-3075.9642785798424
frc6322,-3076.1436420968053
frc7442,-3672.928890585799
frc1557,-3672.573278398601
frc9279,-3672.2198234926846
frc1056,1162.7381131319792
frc4024,-4365.126954986801
frc8057,-4982.78107011836
frc5872,-4983.391846543791
frc6402,-5459.430487051711
frc3242,-5458.748886465585
frc2797,-5993.321789471567
frc1736,7391.490548167809
frc4213,-501.4641361730216
frc2481,8065.452554455092
frc2169,2337.3553383271324
frc6237,2882.0025460643574
frc5801,5982.232316425446
frc2704,7027.164735211799
frc4187,3534.6966296288274
frc4096,6641.7285946132115
frc4655,2339.3513347821954
frc4314,1904.4046963342262
frc6317,1904.6400924772408
frc2039,5135.046653251895
frc2040,-517.4197016911824
frc5442,4499.38208517353
frc5847,4498.505711521717
frc7848,4497.634947101329
frc648,-517.6064608548893
frc2080,1914.5228843828886
frc7417,-517.7910166792614
frc1987,8067.1806427970105
frc3184,6839.694900968715
frc1710,-514.9655653725902
frc1730,9461.774118632842
frc5013,8757.847350679082
frc3729,203.6035149545941
frc2410,5982.383430096523
frc2220,204.22059105020125
frc1827,1905.3326793511296
frc9269,1905.5606023142814
frc5126,4496.785499677834
frc5098,-517.1853165193019
frc8825,6644.085031893169
frc5837,3535.645070299503
frc5147,1164.6435284235533
frc5119,205.07969793669844
frc2357,1905.9670485744844
frc1775,1906.189571848899
frc1769,4496.074839185952
frc5141,-516.9284624039614
frc4809,-517.1068839187878
frc5268,-4363.507849924701
frc2457,1906.4108125387304
frc1994,-517.2832150630942
frc1847,-2384.6169888203776
frc1806,4495.222985466565
frc5189,-2384.620030856938
frc1763,2885.806883623556
frc1764,-517.4569004225086
frc7662,3987.7064466563857
frc1723,-517.6292272759329
frc935,2343.703438788229
frc8112,3538.3612685459293
frc2560,-7332.31229697972
frc195,7087.383296023658
frc1699,8361.652832446873
frc2370,6644.819619284216
frc1735,9251.341021957514
frc178,4497.8694181506935
frc2168,206.26634162270318
frc7153,4499.282577362391
frc7674,1908.2115883188035
frc3146,8358.89745653717
frc8709,3538.930015831431
frc1027,-517.3739680387051
frc9096,-2384.620668281517
frc571,7400.343933745797
frc6723,-517.5433213356887
frc6895,-2384.6221666336305
frc3182,3539.191209322765
frc7907,207.08949643505045
frc7127,-517.2883706842729
frc4987,-517.45547123374
frc2523,-2384.6225631083053
frc5050,4544.062143197118
frc4405,1166.2670416147705
frc8362,-517.6182978952389
frc7220,7398.531161260299
frc8179,5982.742278100667
frc6101,-517.7816651064916
frc8895,-517.9432079399069
frc9226,5138.693805467872
frc8124,-5993.093140172654
frc280,208.37042617835007
frc9211,-2384.6218659185
frc6615,1165.7840287930326
frc5263,-1672.303372113626
frc2337,5139.086997910615
frc5901,5139.1843092526315
frc2620,5982.302006757018
frc123,8356.227061910393
frc8774,209.08332635439473
frc9255,4498.920400694096
frc1,6645.756321895293
frc4851,2889.9489600409156
frc6532,-517.2333358201241
frc6914,1165.3147044256882
frc815,4498.062564312596
frc2591,1164.7162887707475
frc7692,4497.207417178197
frc5756,1164.1291942212488
frc7188,-517.3871408474115
frc5642,1163.5541050461975
frc7196,4496.357839678576
frc6096,2889.2629447687086
frc7856,-2384.1889408204884
frc4390,-1671.5029785459094
frc6099,1162.9902830711915
frc4838,-3671.4830241247537
frc7232,-1670.9151840131128
frc3619,-2383.316931390928
frc6616,1162.435211007091
frc2075,9477.45206140687
frc2960,-250.1883652228901
frc3546,5981.784399614059
frc5926,7397.212072457666
frc141,4495.592217129392
frc6128,5141.5465208364485
frc4956,3541.404385716236
frc9223,-3671.1142256483663
frc3458,1163.0040479340464
frc858,2889.637585811307
frc7810,1911.0057101245789
frc6094,5141.759557539092
frc4337,212.23697775349348
frc9246,-1670.2040692322828
frc4004,212.81267105788453
frc904,4496.486658729743
frc2405,1163.200507120523
frc8285,-2382.878975799596
frc7602,-2382.8830022081243
frc6005,1162.6758543684282
frc6428,-1669.3798315443676
frc9225,1162.1603326824327
frc5470,213.80336649021766
frc9248,1161.803119679877
frc4855,2889.0251215019953
frc5216,7395.645654946421
frc7211,3542.4612418619568
frc3641,5983.244868378547
frc9227,8352.83752568555
frc4003,4496.946279907237
frc5547,4495.037449424647
frc2619,6646.754468109561
frc3770,4494.2125833052
frc5229,2889.067557784088
frc8286,-2382.4604780038253
frc9245,5980.699252191627
frc4382,214.50596209820003
frc6071,2888.3882096669254
frc5248,215.05735962518173
frc7823,1912.2394677060838
frc8517,1162.0389161414132
frc5224,-512.495091512892
frc6533,-1668.64207015585
frc5525,1161.5526518865247
frc5203,3543.8285372084865
frc6020,-2382.039522816236
frc7109,-3670.6937582948194
frc4398,216.00341292517427
frc6963,5143.708122070219
frc6087,216.53943903319663
frc8041,1161.3746156074194
frc6097,1912.948637653225
frc6121,2888.5689477022765
frc7808,-2382.0322133010236
frc3537,1161.3313866481108
frc9176,2901.9850269750377
frc5504,-4362.164792721206
frc5501,1160.8699186133322
frc2992,8036.0843321716975
frc8808,1367.1252700526675
frc1421,1161.6782296993156
frc4087,5979.7257108531385
frc2183,5978.398473476836
frc7428,-2183.9046108212733
frc3468,-511.0073373533524
frc7255,1914.248250896508
frc3616,4493.936285041524
frc3959,5977.0850953814825
frc1912,-511.1722953698057
frc1927,1161.6519045106706
frc456,6648.293376978238
frc538,-5457.267949656242
frc2221,-511.33336553636474
frc3824,620.2454303602096
frc7094,1165.5643227588125
frc3753,-561.7230751807938
frc590,-1119.5955315795547
frc364,5145.133726742998
frc4107,-3670.1989532602847
frc7474,-1665.924961017993
frc8044,5555.709752762966
frc8732,5981.227344384391
frc5045,-1665.3725966010181
frc2190,-4361.672270537394
frc5696,1165.0654485635478
frc4723,220.38183819876292
frc8291,-1119.0856992273825
frc5948,-508.6395235955176
frc4735,624.0688277769848
frc5705,-1663.6267663363972
frc5312,-5456.545472008467
frc4371,-2378.99939539911
frc3527,-1117.9782474000976
frc6606,-2378.9932874520478
frc9053,-2379.004639072604
frc9118,4014.8701528320585
frc5716,-3669.6733905697565
frc9065,-4361.185257758351
frc4355,-5990.722144448434
frc1591,5558.3239834510405
frc2791,1168.0877540816944
frc1405,4015.132588401616
frc3015,3548.445204663909
frc4027,2356.187484985681
frc3990,7052.881251496535
frc20,7400.716308527179
frc1507,4501.919194892862
frc3550,2891.026411917699
frc2053,5150.801637786953
frc6806,2358.2144561204245
frc7636,2358.944618493598
frc1493,5559.30191843645
frc1559,5559.200838169951
frc6868,-3064.9361158753486
frc533,1907.1362715474763
frc340,5992.350381515025
frc2228,1168.8916581092803
frc1551,5156.161198576691
frc250,5156.238730531757
frc3181,5156.3025622989
frc5740,2359.9683523079
frc1511,5156.311961952963
frc424,1921.3168645377195
frc3003,2084.071824093042
frc4093,-1661.5492251719152
frc271,3549.4410353919825
frc8393,3549.6819851738205
frc3951,-2378.0462156946546
frc3360,-507.07899692331915
frc4150,2900.046399862422
frc6621,-1660.841065112899
frc5590,-3064.580096212531
frc2172,2899.3260671948137
frc3838,-3064.7709031081263
frc3117,2898.612149663323
frc4930,1153.3909768367375
frc3044,-4978.5051285375075
frc191,-1660.2896483648713
frc7903,-3666.534395578355
frc63,1167.9433403731155
frc578,1167.4227250539332
frc1126,-507.1821050807958
frc120,5156.391138268924
frc5528,-1659.715804643623
frc639,4019.275064895804
frc378,5156.472928776514
frc3799,-5990.425490592496
frc1585,-5990.203023924594
frc229,-1115.0768650921518
frc1518,-6446.984705946011
frc6300,631.680019870965
frc2340,-7331.6795512943445
frc1450,-7331.212258358665
frc4020,5569.781441973048
frc2252,8351.760978944705
frc1787,7871.929364597951
frc2614,2899.1074206405433
frc2603,4019.5483462937573
frc4611,7870.846245927446
frc5413,2897.346478074797
frc325,5996.0291158186
frc3201,3555.088294898509
frc4028,7403.415413373853
frc554,4020.312887229858
frc4467,4020.491349854068
frc3504,4020.6490010885955
frc2399,7846.040770071085
frc4121,-505.6733875782204
frc1317,1924.5214844350487
frc4145,5301.109876332982
frc3814,225.82156163087353
frc3193,5571.2698056287545
frc3260,-505.44351512102804
frc5811,226.44552089405911
frc4269,-1113.362077963335
frc2051,1171.8096921521844
frc3492,5571.038874087125
frc3140,6002.052230224835
frc7165,7061.375000391885
frc1708,-1655.4716168863445
frc2783,6655.343207346819
frc3984,4020.7933578915017
frc128,-1113.1793473422854
frc3484,634.580605157922
frc4085,6001.471050445703
frc6032,3562.638568662627
frc7111,1924.9181189694382
frc6964,5575.679954529044
frc5667,4518.896391688989
frc7515,-1655.1069444616815
frc144,4023.3056562428073
frc9097,-2386.500499501244
frc451,228.9856533747068
frc5492,1925.0893912400222
frc3324,-3063.9649485268897
frc6936,4023.3930032483163
frc1014,-5452.982151491614
frc4504,1176.2856467231377
frc4601,-501.4872624300024
frc6834,-6856.288277989877
frc148,7409.156228551014
frc4153,3566.7607093420474
frc3310,7407.120240102276
frc7535,2899.549807570207
frc7534,-500.34835691628547
frc6369,9849.87721226934
frc9080,1925.5560156816432
frc9105,5169.926137851517
frc5411,7468.44320471486
frc6974,-3665.2889624202767
frc8528,2898.9325259737434
frc5613,5169.543789437902
frc7271,-1654.3841936752217
frc9299,-5452.335231094282
frc4251,229.86219131338092
frc4063,5169.433970804678
frc8818,-6855.178780020054
frc3481,2898.2492589688054
frc8019,4024.2323279385446
frc4219,7404.668340049859
frc8819,-1653.8787386899203
frc8879,6004.482866762892
frc2969,1176.2705318326273
frc2657,230.477812421485
frc9051,2897.6158585262892
frc492,5169.677153411035
frc7461,6657.930545886653
frc4692,3570.192843965404
frc3876,-1653.3783041801967
frc6076,1926.2631059038085
frc8020,5169.561344039135
frc846,2897.7098343394714
frc6000,2897.0412554310888
frc4501,3570.9657465738655
frc6833,3564.207306684798
frc597,1986.5771341042882
frc6904,1927.9881403516797
frc207,-1652.8833484793222
frc4470,-1652.3931954369593
frc702,-2382.635005965813
frc606,-2372.6248965873606
frc5124,2898.1901747609827
frc3408,-2372.651292140668
frc5500,-2372.6771225261937
frc7185,-2372.702392233308
frc4964,-3060.9360586975913
frc980,3571.363301680335
frc1197,2898.2159370074264
frc8898,-4359.294950314808
frc7611,-4977.104131461526
frc9172,-4977.6964157923185
frc8600,-5448.141986729168
frc4999,-5985.172614270409
frc1759,-5984.974269311663
frc5669,-6442.0234123602995
frc5507,6656.584926842566
frc971,2921.395114853353
frc1351,6655.793892383059
frc581,6655.001445621358
frc115,7081.361923158724
frc114,8355.705289573561
frc604,7390.725836271959
frc649,6657.499585521801
frc2854,-1651.2541805413182
frc6962,3572.179518034865
frc8852,2382.5605003492
frc8404,4027.44890035096
frc9038,2901.1636654485706
frc8169,1930.1003691488118
frc8751,1930.2539580218886
frc8793,4027.524252573856
frc1967,-1650.770788648597
frc5924,7875.271919824652
frc841,1177.8119775008108
frc9006,-2371.3591025991186
frc4186,-4357.6412451885835
frc6418,1177.2275913155947
frc7245,-500.7468346210724
frc8016,2343.441867790315
frc5700,231.18150392419494
frc9114,-1108.148471070183
frc4669,-1108.2805326544074
frc299,-2371.3401807533355
frc4765,-1108.4128818954662
frc9125,7361.144745707336
frc3045,-495.0944529961356
frc6619,231.84045386468728
frc8045,-3059.9785393787806
frc8840,2901.568411564185
frc4159,2900.8927117868593
frc9111,-3662.7747120794397
frc4904,-4357.185350206722
frc9143,4027.559724586564
frc5430,3579.02239860334
frc1700,232.29463716617505
frc1771,6656.36559114709
frc1414,8114.372312348699
frc5109,3579.057217925234
frc1261,8361.904268033497
frc1746,7286.250220372165
frc5293,1176.7986987150973
frc6829,7882.933200569688
frc1795,-494.44917570976367
frc8736,1936.4463646300803
frc5651,233.01836740906393
frc2415,1176.7535265909128
frc6925,2901.7232258805125
frc8577,1176.2040451590044
frc7676,-1646.137911794004
frc8849,-2370.381474848395
frc9293,2901.928697114422
frc9057,1175.663683600383
frc6905,-4357.192169493319
frc133,10599.714679874822
frc58,4549.584875251086
frc172,6007.935146761304
frc4546,1175.1306664555016
frc1729,8360.920960928357
frc97,-1645.537175962608
frc4311,1174.6063724861785
frc3205,9851.16240125713
frc3323,4548.422345603941
frc5563,-494.1536355802179
frc5735,5170.29208825201
frc4176,2900.4449748390457
frc5459,2899.787723026712
frc5347,-2369.9992053095534
frc5422,1170.6936858713054
frc4905,4072.7253117654104
frc3623,3581.9108805371507
frc5265,1933.352781320424
frc7822,3581.9380225311206
frc3958,1173.871800497201
frc6201,1173.3690186232832
frc4169,2900.581938978803
frc2084,2899.929707069058
frc1761,-5983.384850593615
frc1721,1934.0896749151907
frc9198,1173.2876269919745
frc8030,-494.3581906298273
frc9297,1172.8001177347317
frc6894,6006.720143950015
frc6214,-2370.027495438332
frc6512,-4357.196056628579
frc9296,-2370.055308023996
frc7270,-5446.21542508807
frc7763,-5445.616803273343
frc9032,-494.5618125626185
frc7715,1172.3201485145462
frc6240,-2370.082054975526
frc8757,1171.8462576391764
frc4534,2899.369997001571
frc5607,7884.050666297516
frc1403,5589.871281601537
frc316,7907.008718381992
frc6897,6657.064190587085
frc2495,6003.452997879262
frc2554,-5445.023063596069
frc293,8361.016507621971
frc1812,8358.150809181292
frc2191,1171.3812401864561
frc714,-2370.1088507870977
frc8704,-1644.2974125660796
frc9015,4034.7989365213043
frc8075,1170.9215055829295
frc4652,1170.4685877557254
frc87,4553.60557085585
frc1089,5174.201883653061
frc8714,236.13195860090426
frc5666,1170.183774540314
frc2016,-494.29570504289535
frc5624,2898.778090310114
frc303,1169.748190005661
frc1626,237.02321986338583
frc8707,-1643.791410233632
frc1257,-3661.9514335556073
frc8130,-1643.332431435837
frc7587,1935.9924306468433
frc3683,5596.258196948811
frc4907,5592.984267601694
frc5406,4555.114347995632
frc5024,672.6017779729375
frc4917,5179.174940024036
frc3756,1936.4959660372435
frc8089,1174.7438765089037
frc5870,3585.6006057543077
frc2708,2899.125414768734
frc6070,1174.249994141607
frc8884,2898.496976281433
frc4992,6657.014526786647
frc4617,2897.872889751604
frc9263,2897.253805609672
frc6854,4553.617064548624
frc7475,4552.425571610442
frc6725,-2368.9124927665566
frc6162,-3661.6072402978944
frc8789,2896.6454831136316
frc1310,8355.338065391366
frc6978,9260.749061427477
frc6977,1937.6345938791358
frc2706,5179.8765816862215
frc5032,239.6581743519706
frc7136,4552.241579312488
frc4343,8352.7446721226
frc2852,1937.7685059891503
frc6135,-2368.928058893226
frc8574,-1642.6175212438757
frc2198,1174.7293130248781
frc4308,3587.624829643092
frc8729,3587.6335266388173
frc5596,2897.496893372711
frc4373,4044.9267735956178
frc5401,1174.249471155001
frc834,4554.276488299631
frc2722,4553.050208916352
frc321,5181.128361240987
frc4575,240.40256014004862
frc1168,2896.9364011749362
frc1712,8349.99794983157
frc203,3590.6275045145217
frc4342,7430.646570444525
frc486,2896.958761011666
frc9014,1173.9412295496588
frc9094,7405.4645609181525
frc8771,-1642.165745531706
frc9027,7403.430355835369
frc2720,7401.413515870125
frc1727,7121.747243474255
frc686,6017.576752511025
frc7770,4553.003492096275
frc2186,-5444.4321701630015
frc4472,8347.81272303287
frc4541,6661.169710738969
frc1719,1173.4759892683003
frc612,4551.837976945017
frc2421,2896.3642243677145
frc339,-493.0476309023169
frc5115,4550.682949829145
frc5243,-2368.1544156150608
frc8590,-493.25169002816165
frc8726,4549.534531893199
frc6882,1939.1214804124572
frc116,6016.9413346283545
frc2988,1939.2527366643026
frc1418,8789.188128588286
frc3793,-493.4539272162094
frc3748,2895.96094555671
frc2849,2895.370399463219
frc9072,-3657.523621955234
frc8197,241.54789556271228
frc5804,6886.292656985689
frc1599,7926.617516226043
frc384,8420.63067908396
frc617,4548.408040398306
frc6189,-493.22500589470627
frc1522,-2368.1085612421402
frc1610,8789.623147998245
frc9214,242.10081788335773
frc2998,1174.1410572748975
frc7429,-493.00753566922594
frc4286,-5979.012866195013
frc2068,242.80584855804895
frc1793,1173.8555741039381
frc5954,-1641.242165443389
frc4464,-5443.488775972385
frc539,243.37389910625592
frc2890,-492.34158483511
frc2912,-6851.291365399611
frc3663,5601.274075793489
frc1983,6124.631371115855
frc2907,1939.9965987139062
frc3588,1940.125408143638
frc4918,7407.755687885307
frc2557,7405.636404918437
frc8386,-4355.731995394384
frc4579,-492.54049173167215
frc5683,244.04383612060292
frc9023,-3440.2371478409596
frc5937,-491.73403841468877
frc4469,3592.4659590089964
frc948,6664.884889486685
frc8303,1940.3983144406752
frc1294,2895.9565323199736
frc8896,-3656.634095338249
frc3219,1940.6638583755032
frc3786,1175.5771237313052
frc2929,-491.92866559520564
frc3393,-2366.3932435164065
frc8302,-492.12345765948805
frc2872,2424.0796943122073
frc870,7135.548195855808
frc3171,7904.812453473815
frc5736,6020.382467499221
frc3950,2424.4543006677095
frc7539,5186.568592983476
frc333,4549.251202754647
frc1468,6252.941463370848
frc4458,3593.032152062346
frc4122,2973.404597709309
frc8595,5186.821782868262
frc9016,-3050.0314339665956
frc810,1943.9571391981333
frc8267,1175.5740413557182
frc527,245.55658079107343
frc2875,2903.4963159115046
frc1155,-3655.4584954302622
frc369,4548.53912825069
frc329,7134.108596511922
frc7673,-491.90511072427375
frc7759,-492.09761363001644
frc2347,-492.28824383632417
frc7004,-4354.7362744541615
frc496,-1087.5405224623057
frc6423,-1087.7731436984998
frc334,-2365.7908646785995
frc2638,4490.54010908514
frc545,-1637.4397673100802
frc1546,-1637.0015604154817
frc2265,-2365.0247682859826
frc6593,-1636.4363841669879
frc5659,-2364.6605664895637
frc28,1132.994767193036
frc2869,2901.6665971418033
frc2161,-3048.1526662197025
frc3137,-4354.729025260152
frc8760,-4354.735676670432
frc2027,-4354.7408458058835
frc569,-4967.669390065951
frc7497,-5440.965922131114
frc5016,-1087.0106900046915
frc6401,3594.5263754112957
frc6969,-487.41349060211996
frc6947,3594.5107535067414
frc3944,3594.4919614153
frc6352,4063.653898368523
frc8848,1174.2916840378032
frc8021,699.2380878615446
frc1726,699.5093759565722
frc2375,1183.452814129714
frc6127,250.66296186326733
frc698,-1634.7082058173087
frc6656,-1634.2845062544695
frc5539,-1633.8646462266165
frc3577,-1633.4485472405572
frc7703,-2362.5049350317704
frc2647,-3047.7248283236545
frc8012,-3047.922458911763
frc6920,6019.579479337636
frc8334,4547.874781187023
frc1977,2904.792268853496
frc2036,1945.4437792198423
frc662,1183.4605981045197
frc9068,2432.3861840108007
frc5493,251.20418201134086
frc3807,251.5739169931148
frc159,-486.13312962991574
frc1799,2432.750951763231
frc2261,-486.3501119513453
frc1303,-486.5562407382413
frc4388,-486.7603524907908
frc5763,-486.962472345337
frc2594,-4967.700467032165
frc2083,4069.2788035805925
frc7243,-2361.388742978388
frc9112,-2361.4294084677144
frc7479,-2361.4694393881045
frc7485,-2361.508840525836
frc7737,-3651.8892063743733
frc368,8353.83642052342
frc2853,5188.19184623561
frc2438,4552.842956955311
frc7632,4549.848137364356
frc9012,4548.725736326942
frc8725,2910.407790443131
frc3721,2909.7142498652456
frc8503,2909.027381536622
frc2477,2908.3470479008784
frc6909,-1040.4578422595646
frc7551,1949.292555855716
frc7724,1949.3835019153853
frc8806,1184.267286361947
frc2348,253.14735530637205
frc6704,-485.2335924378044
frc2090,-485.4467871338908
frc2441,-485.65777526621554
frc2445,-491.27261382513797
frc9158,-2361.5212399625434
frc9019,-3044.8340063933833
frc8853,-4352.501930993373
frc8615,-4352.511892900493
frc2896,-5438.621527734545
frc7541,6018.263279561178
frc9092,-2310.9456030189926
frc2846,4074.959382467422
frc4646,3602.653050363167
frc5935,1949.7169783852398
frc171,5614.36946027522
frc8766,1184.4478818156197
frc4859,709.6599720448936
frc1785,4590.633829522913
frc8024,-1630.8295846789717
frc2957,-485.82940260735916
frc6732,-486.0328865385919
frc8824,-486.23431252548033
frc5275,-486.43370919602546
frc6419,-1070.0989075004884
frc8770,-1070.417048715406
frc4674,-1070.7369158042295
frc8737,-1626.8994322878978
frc9061,-1626.4976436188554
frc5914,256.625261060892
frc8298,-1626.0988797680727
frc5041,-2358.339048709098
frc4021,-1069.9809419386636
frc8821,-2358.3603766360457
frc6455,-3043.488645402624
frc4260,-4352.462267884982
frc8822,-4352.4689498167745
frc7309,-4964.579466904026
frc7531,-4965.1992428107715
frc8608,9261.499256343952
frc3302,-2357.822040536787
frc9177,-2357.8602507987184
frc7203,-4350.7683203305305
frc1504,2908.4196981511673
frc9215,4550.70369648305
frc4810,1188.7084407353282
frc7811,2907.7566285666794
frc5067,4549.595788547438
frc5256,2907.098916301478
frc7658,3603.978086333889
frc9238,2907.071893256446
frc9278,3604.2194701681265
frc6190,1950.777972901491
frc6113,1188.5451956283803
frc5231,1187.9755184930802
frc5509,-3649.071528096772
frc6090,6739.42634956017
frc107,2918.500690456134
frc9222,-479.5910596377687
frc7248,-1623.9935860748903
frc6114,2906.802581792816
frc4395,-2357.4923404620145
frc9206,1187.4202357371857
frc1986,8203.417476205592
frc5809,718.1618503794999
frc4455,2454.39058925268
frc1810,4548.926609685847
frc4480,718.2023225053958
frc5918,3605.0363062272486
frc6817,-295.701876055628
frc31,1195.7896489522195
frc5968,-1623.460703775432
frc7577,4547.987485982285
frc7669,1195.1432406115448
frc4401,722.0598672236955
frc8748,263.81964289242774
frc6199,264.1357022203536
frc3522,-477.9982925392493
frc6605,-478.22209731232346
frc9120,-1066.282154905693
frc9134,1198.77639316876
frc7687,-1621.8742766370626
frc9301,-2356.7325556419564
frc7161,-2356.7720639542185
frc7037,-2356.8109702411625
frc6896,-3039.7793731802512
frc8558,-3039.9975478723827
frc7653,-3040.2118331888914
frc7018,221.51173583777543
frc9103,-4350.296990300684
frc8290,-4964.243871082115
frc6483,-4964.845496700246
frc8266,-5431.009425908949
frc8105,-5974.11530039392
frc6652,2454.505359885911
frc6200,-6435.446380936732
frc7040,-6847.901524411011
frc3419,4546.911560645576
frc2601,4545.842748334485
frc6911,4544.781359664976
frc5298,-4964.785358447706
frc353,2454.5452370248695
frc871,2916.6193362391796
frc1796,5197.214338114811
frc263,1198.4270701519945
frc564,264.2767476038931
frc3624,-475.9221778161256
frc3204,264.72022584575615
frc4571,3605.4433813567216
frc1554,-1621.075136633555
frc8739,5195.227243259087
frc601,-1620.6987157031635
frc7717,-1620.3258147558597
frc358,-1064.1617170745726
frc5099,-2353.7761769140075
frc2487,-3039.826496475396
frc9184,-3040.036610065948
frc1880,-474.0433724952842
frc1803,-3643.9386469629585
frc5599,-4347.323345416566
frc287,3605.9931974541287
frc884,-4964.592128294942
frc514,-7325.447498359476
frc4567,-7325.015278093977
frc6636,-3643.513310269012
frc4678,9852.105752570007
frc2609,6675.284077516009
frc7722,2917.2379560063323
frc8081,6022.524476270893
frc5912,1957.4525198413628
frc772,6667.177499341245
frc7623,1198.497979448347
frc5408,265.33214779000565
frc7022,1197.9980143752784
frc7509,265.77423195334063
frc8764,7420.579810599328
frc8765,-473.4489725630824
frc9062,-1462.4401477560325
frc7058,-2352.5678149027176
frc6875,3606.2497489352395
frc6992,-2352.612457084861
frc7520,-2352.65646416464
frc4940,1197.2496935774288
frc4748,-3037.7704052877402
frc5261,6021.849142747142
frc7691,4545.879157183575
frc8392,-473.4138256467922
frc7312,1958.1896136064934
frc5070,-4346.083781871385
frc5908,-5972.290153194291
frc8144,-4346.102907502876
frc9137,266.59907710731187
frc6381,6670.9479983188085
frc8847,6545.804019004116
frc7915,-4346.121572554159
frc8531,736.4906074162428
frc7900,3606.3393530594985
frc2194,4551.089890828265
frc8701,-2352.1352642471084
frc1306,1958.310149787018
frc5096,-473.2084609467332
frc3596,-473.44471522606153
frc1091,-473.67870317670844
frc6643,-1615.6414614413372
frc6223,-2351.7902142214416
frc254,9065.845517897107
frc766,1201.8623560500264
frc2489,3575.314333422162
frc7667,-3641.8259711871874
frc3257,1958.6001543445695
frc2204,1958.6629921108263
frc1458,738.4260336151345
frc1280,3605.8737244510135
frc5458,6665.3730122065845
frc5728,738.1949581678625
frc6981,272.96683088945366
frc6941,-473.40570457713557
frc2141,-473.63634187870025
frc2035,-3036.4321663440182
frc8091,-1054.6339775270028
frc7528,-3036.647716776664
frc199,-3036.860638858393
frc1662,-2350.130637382579
frc7401,-2350.176952697853
frc2367,-4345.659948040557
frc253,273.52144158079153
frc751,3605.785761553943
frc3482,273.75977343550335
frc4643,-4962.101512465589
frc7686,-4962.680331098232
frc6417,3605.6960424062863
frc5474,1210.4834827226418
frc4419,5547.735314859155
frc3749,2921.076733990621
frc7589,-471.4165718492186
frc5993,-1053.9641728732565
frc1972,-1054.3890952230033
frc2658,274.3239309410195
frc6515,-2350.1880830848977
frc3704,-2350.2330886701984
frc3341,-3034.764073201899
frc8119,-3034.9824783180534
frc8870,-3035.1981839479067
frc6885,-3035.411283803058
frc2984,-3634.8986921537235
frc2827,-4343.584828111304
frc8537,-4343.606816064485
frc3965,-4343.627263928313
frc4919,-6433.0705131937475
frc8788,274.5546736983658
frc2556,-1054.778116917321
frc4707,1210.029862058998
frc5276,4544.625311205279
frc4179,1209.3239235624967
frc9135,2918.412741362899
frc3164,275.0983700260293
frc6107,-465.67595759854726
frc2973,3606.545498889974
frc9313,-1054.1757504106893
frc8775,-464.409764221156
frc8778,-3634.2148344763737
frc6184,-2348.0478235306387
frc9300,-4343.213483650599
frc5722,-4343.232559959716
frc447,4543.751703009981
frc4485,6024.550289645982
frc7198,-464.66752222029254
frc1757,5670.721037391439
frc8567,8360.405603399737
frc190,-1615.61964746177
frc1250,6025.493344942428
frc818,6024.565417880794
frc1188,5200.392643605563
frc2851,2919.805877987411
frc9212,-4343.2500819488005
frc6089,-2347.64099090277
frc9205,-464.89020507847863
frc6152,5200.024301472561
frc9252,-465.14338198800584
frc7716,2919.0738074314395
frc8364,1208.7698047032843
frc5214,276.2813648980691
frc4758,-3633.500723409464
frc5619,-3633.2589304899257
frc5239,1208.2211214989509
frc8826,-2347.660937245155
frc8115,3607.309252714774
frc6566,2919.0048015922034
frc8623,1207.5523309004316
frc5225,-464.97321018472786
frc3082,754.2834382482683
frc2143,7144.975047270934
frc3130,4111.479211424983
frc3751,2918.3238576083877
frc6749,1961.070166293604
frc2450,-3632.99932319944
frc6166,2474.881349853511
frc3848,278.77789875582044
frc3723,-1607.8085685372705
frc6709,1962.6574330548876
frc6324,9266.653996762034
frc9101,2921.3004809279932
frc4034,-464.7456671705601
frc5457,-2347.306847649963
frc8630,1211.904143271537
frc1647,1963.0683683479067
frc204,4548.395533793256
frc4750,-2347.3547425241145
frc6921,2920.6215800295986
frc8721,-464.9918810562784
frc9100,-1607.0996929819637
frc4285,4547.3430443136085
frc6943,1211.648688284113
frc8588,-2347.0167807594844
frc3340,2919.896574540324
frc1989,-1606.6272735172336
frc8706,-2346.680795053489
frc1374,4546.298161253667
frc1334,6022.8089867047465
frc6865,1908.4064996835195
frc3560,-2346.7288301480294
frc6110,3611.28087132062
frc7285,4138.535316591836
frc9124,2482.9988828558894
frc7576,-2346.776224737279
frc6014,-1605.8703272756593
frc8079,-1045.3080520996411
frc6436,1211.6194737598496
frc9077,279.7978799407195
frc5655,-463.05676363428483
frc6940,-463.3070524925107
frc6353,-463.5550864844671
frc8796,-1042.6051853541262
frc6459,-1043.1279465735533
frc7748,267.0303948562647
frc8862,-1601.9028354261595
frc8173,-2345.9580523846435
frc6415,-5421.892997732099
frc9232,-3027.826682618237
frc6024,3608.356024052265
frc8159,762.2446827706301
frc8500,-3028.067045142839
frc8798,-3028.304560910953
frc9247,-4957.968329791268
frc9231,-3028.539330680672
frc8015,-1134.2909646562618
frc2905,3612.1239575497134
frc6989,281.88146439095993
frc9265,-3628.8149301481617
frc9026,-3628.5904116182614
frc9029,-4339.950657160443
frc8240,-4339.975399158711
frc7466,-4339.998587434842
frc8146,-5419.48148254853
frc7742,-5419.095588503139
frc8263,-5418.7103259790365
frc6430,-5418.325674633852
frc8800,-5417.941615676916
frc9185,-5417.558131760523
frc8863,-5962.952930634489
frc7729,-6430.7571822980235
frc6025,-5416.70865430158
frc6431,-5213.710976096213
frc9095,-6841.081817586068
frc8754,-5959.975818795605
frc8264,-4339.704744743862
frc7292,-7323.010440011041
frc7683,-7322.559937442972
frc9089,-7322.094179202695
frc8209,-7321.613720930351
frc5827,4547.220481991508
frc8051,1215.2975529054431
frc3070,6021.133909941008
frc4180,-2343.7674501945303
frc8032,1214.5938260079963
frc8832,1213.9005745449397
frc6057,2924.670867800828
frc4384,-459.3071805354666
frc7813,-4339.722020278751
frc6838,6018.120723036007
frc6985,1965.5093180646952
frc7444,2923.934890766137
frc9233,-459.5669829602552
frc9024,-2343.8165941559932
frc7758,-1045.8116676973157
frc8743,-2343.8490352838157
frc9001,-2343.8981795518544
frc8084,-2343.946678407817
frc9132,-2343.9945365365515
frc7201,-2344.0417585711893
frc7086,-1046.3177201611995
frc7035,-3023.782634370369
frc7672,-3024.03406124713
frc8780,-3024.2830117235194
frc6228,-3024.5295349769394
frc8759,-3024.7736778460685
frc9264,-3622.6944637584315
frc8261,-3622.49306958148
frc9025,-3622.2917941897467
frc8182,-3622.0906431764897
frc8092,-3621.889621468319
frc9093,-4337.5369091460425
frc7439,-4337.559599196199
frc6232,-4337.5807395339125
frc8859,-4337.60034455573
frc8151,-2341.3109376308385
frc8747,-4337.618154856548
frc8856,-5412.448079552204
frc7296,-5412.093310711085
frc8070,-6428.092703273765
frc9074,-6428.181297883536
frc8308,-6833.406231489873
frc8058,-3620.922529835457
frc5773,-7319.6950004794235
frc8795,-7692.348480256376
frc8158,-7691.822526965416
frc8783,-8146.218403100125
frc3669,283.19367465659263
frc8888,7425.062227479782
frc2404,2923.248671933655
frc981,1965.8356046074628
frc8060,-456.48879023819563
frc4255,8210.141062599518
frc6814,1214.2253998223564
frc2643,-1597.237629864902
frc6059,2490.838846840465
frc4171,-3620.721745502872
frc852,2926.0401442615785
frc5171,3613.619753154458
frc6884,2925.9310825797334
frc6665,283.70080487101166
frc6998,5638.790592198961
frc5027,1213.7088182234838
frc7413,-4336.712881088582
frc8814,6021.96442698503
frc8011,6020.280866910414
frc1566,3613.839673042804
frc5480,774.7867231764063
frc2130,-456.25720121649556
frc8550,-456.52164389647066
frc9243,-456.78379250973154
frc3006,-457.0436729280894
frc9314,-457.30131060018385
frc8551,-3021.5522833483687
frc8839,-3021.802037815378
frc5871,-4336.702256463837
frc8756,-6831.822777714102
frc3562,-7918.2191199216595
frc5863,4546.595819283471
frc6068,2925.828765745058
frc8118,2925.0682842053916
frc9240,2924.3153179083893
frc3606,1217.0582007729442
frc5971,286.826311032809
frc7288,286.9904641622401
frc5965,-1040.1752422941736
frc1818,-455.26381225970533
frc9309,-1595.4471902752127
frc9153,-1039.2547136748376
frc7661,-4336.718479581882
frc5785,-4336.733221084712
frc7850,4545.553381790528
frc2181,4544.511560745013
frc4664,3615.2671593397686
frc5434,3604.9908348288996
frc4549,1968.847057543474
frc8234,1968.8794264499163
frc3206,1217.5041731607616
frc7258,7421.854934653366
frc3007,287.5082773441925
frc8787,287.6670864313396
frc2518,-453.2097700079225
frc4277,-1038.777656492811
frc7019,-1592.6363283697276
frc2855,-2339.0468832134825
frc7849,-2339.100522513736
frc3871,-2339.1534951466006
frc5996,-2339.2058058959033
frc2207,-3019.709474335887
frc4215,-3019.9663864479267
frc3454,-3616.0918503734924
frc2606,-3615.910467726187
frc3610,-3615.729049860058
frc3407,-3615.547600974329
frc2549,-3615.366124896424
frc2500,-3615.184625114032
frc2879,-3615.0031048046344
frc3202,-3614.821566862564
frc2498,-4333.401566345392
frc9157,-4333.425849269603
frc4225,-4333.448569061828
frc4632,-4333.469740327954
frc2513,-5411.16534886069
frc3038,-5953.557530998054
frc5278,-5953.550045727115
frc3018,-6830.568050678176
frc2515,-6829.6430441418415
frc3278,-7313.585346639063
frc2225,-7686.83182467299
frc1825,6018.608322194522
frc9316,6016.951638786068
frc1802,6663.060371517055
frc2345,3614.8317129352854
frc7064,-452.0134555091884
frc937,-452.2805619619871
frc1984,-452.54542976195137
frc2001,-452.8080830929407
frc6843,-2338.084068095069
frc3172,-4333.441919314214
frc3009,6016.326418783369
frc7183,3614.7031696879394
frc8717,-2093.348249977322
frc9287,3614.445989355292
frc9002,2926.76345873765
frc5429,2926.006297072913
frc7423,1969.5548697089214
frc8387,1217.669780267347
frc6519,1216.9946258691627
frc7077,1216.3290920729783
frc9151,289.46388365440356
frc8022,289.61917396316517
frc7425,-451.79443703460805
frc6825,-452.05592797531557
frc5049,-452.3152574077042
frc6824,-1590.5354297923238
frc988,-2335.011413236267
frc7422,-2335.0699752823166
frc8720,-2335.1278759694387
frc9018,-5409.885464497122
frc7654,-5409.530777169954
frc7522,4544.365505823382
frc7718,290.2732234845781
frc7504,2510.021717353934
frc4860,1216.1049799852829
frc7318,793.4141377741253
frc5881,-452.0914968475506
frc9099,-2335.1845041012057
frc5149,-3013.893972274552
frc6648,-2334.6902589288666
frc7030,-3612.8648401653
frc7031,-5409.175347235472
frc6181,6673.169877183734
frc8222,292.509670118608
frc8713,1219.6918518650025
frc9075,3572.6050890527194
frc3777,292.820234374761
frc8243,-451.5202344738938
frc8037,-451.77748827630955
frc2632,-1026.617829271972
frc8718,-1588.0963315882373
frc9194,-2334.3334584642703
frc1308,-3012.577211801172
frc291,-3012.8582796864403
frc2010,-3013.136925308284
frc7885,-3609.8940459543614
frc6916,-4332.451123890172
frc8140,-1587.6843283824876
frc8145,-4333.017621809194
frc4688,9263.281162903677
frc2634,6672.303567991559
frc3996,6670.318470617647
frc5439,2929.6745475948355
frc7605,2928.886405423117
frc4955,2928.106241910734
frc9102,1972.7468885002065
frc5910,1972.7696581648577
frc6929,1219.904907263455
frc5553,777.8518891364565
frc9076,1133.7633962055397
frc5618,-450.1587555760937
frc8152,-450.41535416771774
frc8067,-1024.0856308922512
frc8132,-1024.7928073469288
frc6907,-1584.810728627574
frc4594,-1584.5885477505224
frc9220,-1584.3676437164452
frc2626,-1584.1479943693103
frc3986,-2330.781819267483
frc4952,-2330.8461182015467
frc4947,-2330.9097240305396
frc3386,-2330.9726413650164
frc3544,-3010.6151148047893
frc6622,-3010.9023621853153
frc6869,-3011.1871484919147
frc3985,-3606.534595162969
frc3975,-4332.05566647218
frc5443,-4332.073239847859
frc4957,-4332.089315956247
frc9234,-4332.10390866977
frc8790,-4332.117031693147
frc296,-4332.128698566345
frc6872,-4332.138922667031
frc9268,-4332.147717213332
frc6540,-4332.1550952663765
frc7700,-5408.189234844655
frc8585,-5407.832501432111
frc7471,-5947.91131068977
frc5440,-5947.93372793738
frc3532,-7312.199349969858
frc1466,3794.535803756593
frc4576,1973.216380323387
frc4462,1973.237836387897
frc8214,1973.25869742226
frc7072,811.3101481839032
frc6517,-2305.3080786367495
frc4306,-1023.468619955158
frc4630,-1581.8173715436162
frc2856,-1581.6069005809532
frc5744,-1581.3975552721636
frc3821,-2327.790344794104
frc3966,-2327.8540791318023
frc5005,-446.0337128971193
frc9152,1949.6886938729792
frc6302,-4921.162716227883
frc7516,-6418.218320092968
frc8512,1223.93473656162
frc7750,-1580.8300085306448
frc8325,-3604.9849399967848
frc6682,-4330.567791193676
frc5903,4142.659367883915
frc4174,4141.503328962292
frc5019,2929.7429979731364
frc8782,1223.2268330246761
frc4054,805.936079323376
frc2977,-1580.6226351978328
frc9149,-3604.690182064954
frc3090,-7311.635181076298
frc7760,1226.5403872139111
frc9056,-446.2101266903479
frc7795,-2327.1221984816375
frc6016,-446.4708859511666
frc6429,4538.907656759772
frc7536,2523.596780728167
frc5665,7739.14289558355
frc5883,5653.26883886428
frc8042,299.7731779094178
frc8054,299.8654977114271
frc8561,-1018.3362226646251
frc6948,-2327.168529689379
frc8166,-2327.232205600168
frc8828,-2327.2951954675696
frc9021,-3604.4657275500927
frc9142,-3604.31676842959
frc9221,-3604.167480101992
frc7682,-3604.017868217341
frc6988,-3603.8679382520204
frc6064,-3603.717695518718
frc6874,-3603.567145175534
frc8557,-4920.997484395876
frc9041,-4921.892001874555
frc9043,-4922.768522592533
frc4972,-4923.627698510105
frc9028,-4924.470143748849
frc7458,-4925.296437095053
frc8762,-5945.901603653771
frc8881,-5945.919596985636
frc8220,-5945.927754925274
frc8153,-5945.926320364401
frc9160,-5945.915528677944
frc9083,-5945.895608026435
frc7840,-6407.433132951326
frc8056,-5944.3272230311695
frc4191,-5944.305564413526
frc7298,-6821.13805605724
frc9187,-6820.268795945172
frc9155,-6819.398337731555
frc9070,-6818.526841800154
frc9020,-6817.654462079356
frc7575,-6816.781346293515
frc8799,-6815.907636201752
frc9201,-7681.482202733848
frc2966,-2327.2625744244506
frc2906,1226.1255308843024
frc8772,1976.6394490140542
frc8624,1225.8529307841054
frc3843,-1019.0606384521337
frc547,-1577.0121542903428
frc8773,-3002.5314505342044
frc4990,2934.1394143679
frc4973,-442.93756071121425
frc7709,-1576.7692566166718
frc9126,-1106.6519114326381
frc8805,-3602.4146495078926
frc2344,4143.237202329822
frc3017,3624.1363070910024
frc8570,2526.002348844412
frc5123,-4273.5467222405605
frc335,814.0096041827
frc1601,812.5278933638457
frc354,304.1473769176162
frc7272,304.2088007072336
frc9052,304.2689993135335
frc9030,764.5144733502783
frc6590,-1021.1766572905066
frc4012,-1021.90961888455
frc8346,-1022.636593418369
frc743,-1023.3576519034908
frc5421,-1569.683105741308
frc9295,-1569.545882807327
frc6880,-1569.4086147921428
frc7036,-3601.9315561818116
frc640,-3601.782481740913
frc3760,-3601.6330712962776
frc3004,-3601.4833303887094
frc7668,-4318.418049371493
frc5806,-4318.462152474128
frc426,-4318.504489258861
frc7730,-5943.749187764664
frc2895,-6397.633173826245
frc8191,3624.013173277037
frc8086,808.8745619452675
frc3163,307.1890713598837
frc3507,-434.6253715079855
frc8752,-1569.2243152144576
frc8064,-4318.533654203532
frc7744,-4921.745471050286
frc9244,-2486.9884972494892
frc8136,-6398.062106792882
frc4991,7156.972884210598
frc117,4143.711955471241
frc8705,2938.3154857655877
frc9004,1978.9047845874538
frc7274,307.4118703304522
frc9022,-366.3914550987816
frc3954,307.62539389365884
frc2656,2523.666597340911
frc4050,-1568.9520835002832
frc7570,-2325.8546560234245
frc9139,-2998.6159708190025
frc8861,-2998.974014781087
