Team,Elo Rating for Bonus RPs
frc1577,6406.916967150796
frc1690,6411.1404036462745
frc5654,4146.260834711994
frc2630,7167.629868420325
frc5990,2056.880755974644
frc2096,3528.117842327513
frc5135,5060.9698790597995
frc7067,4911.77801119145
frc3211,6419.270011524026
frc2230,5666.278349502471
frc1574,5680.918140420289
frc6168,4175.413417764686
frc4319,1804.750867707074
frc6740,659.6576730758914
frc4338,3545.1013786065255
frc1576,3547.433217427143
frc3388,5683.790915834794
frc6741,-758.7887860595409
frc3065,4932.477392303045
frc3083,4191.947225006213
frc4661,4195.77729651272
frc6738,6421.826822013446
frc1943,4202.057785927058
frc9304,-1508.6417305282062
frc5554,4205.595917115606
frc4613,4940.069971101211
frc359,7167.574499499705
frc4253,4943.267742130252
frc4421,-61.72032370357559
frc9180,2374.4577372526146
frc7287,-751.630586112261
frc8871,2378.030059671567
frc4627,3588.820637718718
frc1868,3590.926372086197
frc5419,4235.654648930993
frc5997,-56.41436676551058
frc8331,-1499.1707951701942
frc6390,670.2511409929565
frc6351,-3879.1075483106615
frc7167,-2247.4654835766764
frc7190,-2247.180627931655
frc6364,2385.5689173237265
frc7796,-1494.5342084377428
frc8339,-1492.7985090214975
frc244,2389.4048661059333
frc7688,-3050.0618744132757
frc9292,-1490.610829161544
frc7787,-1488.6176906644698
frc9277,-4595.787453177469
frc7135,-5322.004355146947
frc3256,4228.812156066083
frc8338,-745.10740114126
frc9079,1885.9018733576177
frc7173,-3857.409223628466
frc5118,-4589.7727074038185
frc216,1888.8485227863569
frc7332,-3045.919959486293
frc288,1891.707384840559
frc1622,2397.8409682165543
frc7781,-5320.273021415883
frc3339,7170.1873178858195
frc5987,4946.287693316785
frc2231,7768.938309138023
frc3316,4238.678257496338
frc7845,6420.709903723479
frc2679,2966.951153515185
frc2212,4952.195217622886
frc7039,7175.338293197053
frc5614,4955.270805251273
frc1942,6422.442028191383
frc1657,1918.4705220522217
frc8175,3624.0023040408278
frc9303,5703.2847266689305
frc4586,4263.004131046533
frc3075,6424.087346702797
frc4590,6426.333066774623
frc1954,-32.858591646908174
frc5635,2978.131755301816
frc4744,1929.491705096369
frc6104,2979.6903084832766
frc5928,2451.8648274547577
frc5715,6428.154618243045
frc7112,4971.582911484945
frc1580,1940.3647740811905
frc4320,4974.752301051393
frc3835,-26.398820833406457
frc4416,2463.926919888507
frc5951,1330.7817740009457
frc1937,2985.8002780172073
frc4522,6543.145517033514
frc3937,6446.886310909223
frc4766,4983.375177298754
frc16,5719.236140227368
frc7525,3648.3315004251626
frc4336,5722.561727455253
frc4265,7173.918307935585
frc1939,6440.505641532053
frc3039,6497.818642359547
frc1561,5731.766270969932
frc3102,690.1475791868208
frc5454,5008.203662084358
frc3284,3006.7649188549117
frc1038,5011.315386351152
frc9067,3655.160154677566
frc2393,2507.148086506515
frc3931,1963.554006348922
frc4959,1345.0194481950598
frc3179,3021.3012819566243
frc6055,699.7050228596124
frc1997,700.9374201686745
frc5437,702.2405539724815
frc7106,703.6185749241956
frc7430,-3.5631657583180933
frc9073,705.3407124300868
frc5002,1349.1394492032596
frc6586,3024.8969412366146
frc5006,5586.79854353328
frc7483,1351.6135467628249
frc695,7174.3319220710055
frc179,6255.490000023553
frc5472,8312.037386084992
frc4065,2525.1123050546776
frc3173,1980.017465553521
frc180,5735.380753581018
frc4206,7749.476259575247
frc2383,3673.9484945029863
frc11,5131.3718952295885
frc7403,-1432.8233405841938
frc3932,5561.2745397741455
frc108,3063.7744812367946
frc79,-2222.1094041943456
frc5410,1367.0628408292152
frc5557,4337.364603850694
frc3653,3070.7106142793436
frc1523,-718.6426769400497
frc8104,-1426.4530634672342
frc2641,3.126955294181174
frc7652,-3007.3232480707643
frc348,2553.290528059724
frc7833,-3006.364527357774
frc8817,1369.6601130051251
frc2152,4.359687460721182
frc744,-2217.622589220352
frc6686,-3814.5423305817944
frc9040,-708.9469154789485
frc7500,-1416.1456417378536
frc1744,-707.2597768686588
frc8791,-2214.041650380742
frc59,5737.071185189161
frc3627,-2213.364023048257
frc4592,-1411.9211975206094
frc8581,-4558.3845451204825
frc6919,4342.653675944602
frc1683,7173.063280314197
frc4509,7175.128775866203
frc4112,3835.793442099746
frc9260,2009.3919250635017
frc4188,3707.5534873833913
frc4701,2559.5756525874804
frc7538,5052.48966892416
frc3344,2561.4720687506874
frc8100,-2996.758654583969
frc8137,2025.140450869253
frc5848,-2996.2592704404437
frc4240,734.0020148085364
frc5828,-698.8901169582699
frc3635,3096.020887514025
frc3329,-3802.3277632304935
frc7470,-2205.6561737340885
frc8815,8.769450797822012
frc4459,9.04453605096652
frc9086,-3795.9519519283513
frc4730,-1402.3492013825207
frc857,4540.325806792146
frc3175,8351.95916854431
frc5505,2581.13360531981
frc6637,4362.256414590597
frc6569,5058.684734520835
frc4391,5738.488350124302
frc7782,5740.429006607875
frc7250,6431.2973165953035
frc4392,3727.7742365795657
frc573,7171.678902296411
frc5314,8292.672430401244
frc9249,-1401.7369378089716
frc4375,-1401.182539209115
frc4835,-2990.346010072903
frc5534,7751.405905477136
frc6077,-2196.252171803983
frc2586,2035.944191149423
frc4988,-688.0259932665223
frc7154,2037.4611555230586
frc9188,-2193.655644500716
frc6079,-685.4804040721376
frc5486,-684.2703927180521
frc6112,1383.8327995440275
frc3602,1385.3115663180956
frc1596,-2189.792034474806
frc7768,-2189.5367192261247
frc6345,747.6063312203709
frc7826,-2188.546941782045
frc8382,5072.261663431083
frc4827,-1391.4771325442453
frc7713,15.119288653610502
frc5706,15.81061961333615
frc7244,3117.259209896902
frc6088,-1387.5773529339708
frc5213,-671.6852980680775
frc4376,-2184.456356726784
frc5714,-2184.194355409923
frc6558,749.0962700554805
frc3357,7174.510438294219
frc3767,4541.5554764139915
frc6081,7176.224569307025
frc1918,8280.229852687684
frc3603,3738.099335018238
frc85,5078.295436216852
frc4377,5747.1774004320305
frc7794,3128.390304367587
frc2054,7754.221140729981
frc7202,-1383.6730765820312
frc3234,4391.618193559441
frc7289,-1382.9429466378938
frc6753,7755.598328685174
frc7054,8677.344185809216
frc1711,4393.223457860922
frc7155,-2181.8210172959584
frc3688,9882.14370747952
frc4967,5748.060207026999
frc2771,2588.9709214209074
frc8612,1388.6254660907796
frc9106,1390.3621787411018
frc4237,3763.7437391344656
frc7226,7177.4897096809145
frc6033,-666.5038257911939
frc7160,7178.797313751795
frc6561,-2180.3879922680558
frc5424,6433.578425494836
frc5086,758.2196266458964
frc6122,-3761.642274366957
frc6100,2051.225216220729
frc5878,26.807873018439953
frc5162,-1373.6326593713811
frc8611,-2178.9406639678323
frc7855,28.048692456891825
frc5227,-2966.460894786805
frc7911,-2965.436570014453
frc6877,3767.7521248116545
frc8397,760.2371151550777
frc7256,1395.5602811039312
frc7818,34.35048318144938
frc302,5754.298873842381
frc4422,3773.526066601458
frc4381,5090.64289534192
frc3656,7177.633533697469
frc4216,9032.613646229307
frc2832,5093.598470935741
frc5066,764.4445450503188
frc6861,7178.217239731863
frc7197,7179.261300250087
frc1023,6515.301413061056
frc5676,2053.8109927063083
frc7166,5097.351891495367
frc2611,8255.191983969295
frc7501,7748.370100657622
frc8297,40.6063470647953
frc9210,-646.2816852316913
frc3322,5758.314611340839
frc5090,2598.402573933722
frc9312,5763.045604868288
frc8373,42.286199890915405
frc2834,6435.68009263236
frc6556,1401.6807315796782
frc1502,-1361.7041866310838
frc7660,-1361.3951552502613
frc7656,-2175.436854005122
frc6570,2058.501629053785
frc5144,1406.5547127693758
frc6150,48.81318971955724
frc9209,1408.6959866619743
frc8300,-637.1952167941041
frc8423,-2174.257505246337
frc8522,-2952.289031306187
frc9183,-4553.763428629383
frc5084,51.658942642965144
frc4453,5767.838918343052
frc7221,1410.8551115635921
frc5205,-4553.66023354868
frc5559,-2173.206034710317
frc1506,6444.865022634422
frc5460,8250.037534537238
frc70,7179.456974229083
frc33,7743.471623215289
frc4130,8247.1613800453
frc3668,5788.054139170424
frc245,5779.232052486467
frc7491,2060.428146717379
frc9242,5781.091294456342
frc5641,1415.8578189232119
frc6067,-1356.2179165377866
frc6610,-1355.981816854414
frc5436,6435.533850468822
frc4998,3151.0147365577523
frc322,56.51452552063756
frc5660,8244.381431769614
frc9207,7179.321666062971
frc8193,-2170.173981921195
frc2145,3153.500461112561
frc5538,-1355.137247502514
frc4994,782.836853712827
frc5282,-3753.290204934826
frc6102,-2168.270347682252
frc5193,59.873801350164534
frc5697,-1354.0659206273353
frc8767,-622.9096085821179
frc5527,60.974621674433166
frc7247,-2162.463187347626
frc1701,5788.818450990704
frc7790,4427.844295513446
frc5260,784.0340626679214
frc6631,-617.2646861010476
frc6073,64.78250323306106
frc8385,65.80537954985783
frc8728,7742.375987586501
frc6091,-1351.309007014347
frc894,-2155.475816557395
frc9251,1418.8808817867232
frc7784,-4553.338528785677
frc3538,6623.670374310034
frc67,6445.143714544834
frc4362,7182.679044750743
frc548,5121.322010547752
frc503,3998.253973173465
frc1025,3816.1072028148606
frc6344,-1350.8313740600809
frc7598,788.0685454502536
frc5167,7182.471951980382
frc308,3816.0022202508317
frc27,6446.937257494022
frc5561,8236.650307478982
frc3414,3818.2536413861553
frc7056,8235.09500354119
frc5053,789.0134354925858
frc8899,-1350.3781356163488
frc7553,2621.3442906524842
frc9204,5800.302658878512
frc7178,790.3371935338914
frc6120,2068.5936594254904
frc2224,76.52418549710178
frc7224,1426.4493043288492
frc6591,-1349.6986145553792
frc9239,-2148.7947594969
frc6528,-603.4213892007359
frc66,3820.998317891765
frc6029,-1348.615715628329
frc6618,2069.9168589310766
frc4737,79.1603501486185
frc5065,-600.2640508327012
frc6538,-1347.114287752512
frc3707,-1346.60105430258
frc5531,-599.3931009805563
frc8519,1431.2486435740157
frc7225,-1345.1349210822723
frc8314,-3751.6419944010313
frc5695,-1344.4733212667506
frc4680,-2943.3203850496584
frc1714,3823.1370077609954
frc2847,5124.78739557755
frc2264,4451.558465658768
frc5348,-598.1736185491916
frc6045,4453.913845386724
frc4728,9426.175463798558
frc5690,-597.546801227472
frc7103,3834.510099367022
frc1816,5056.8640573157245
frc7068,800.4576120656177
frc6175,-2140.3179402724018
frc2574,-2140.174793867011
frc3042,5125.292062318922
frc5826,5790.572998969315
frc4511,-2140.0296499847655
frc3122,-2139.8820407738804
frc2531,-1340.9946121284709
frc93,2071.4378857739193
frc2530,3181.8557466893235
frc8836,-2937.8512256920226
frc2239,2073.1206274929655
frc2823,804.9163302519697
frc1732,6440.765197211921
frc8744,4472.546967622299
frc2526,-1340.0820895261636
frc3297,-2936.891610614581
frc4741,88.71330932072281
frc6217,1439.3508938894659
frc4009,5129.676962553073
frc3197,2074.326887813524
frc4011,6436.111641451947
frc7619,3845.226897750245
frc5653,3841.1726915536556
frc3267,-3750.072967815016
frc7041,-2138.5119128768797
frc2503,-3749.905294797674
frc3276,4480.24446136895
frc2227,1443.8318119347637
frc5253,-2934.279178460624
frc3294,-4552.644967111256
frc4693,3845.420395686976
frc5143,-3749.5296662825845
frc5464,5794.616141667505
frc2511,-1337.8777924252233
frc2538,-4552.353660574858
frc2177,-2933.270384529431
frc6160,5794.965394161276
frc3291,-2932.3556709986215
frc1716,2075.87437851159
frc8516,4486.982898504338
frc2861,-2931.467751996792
frc3692,1448.2123888686588
frc6047,-4552.246444101259
frc4656,-3748.690610010357
frc8372,-3748.6032701221825
frc4229,818.9555812437103
frc7797,-3748.5157331674804
frc7893,-5317.414760859446
frc8878,-2930.4189456320114
frc6318,-5317.189427366677
frc5913,3196.3628666725917
frc2052,3200.490726707546
frc5232,5134.929749397205
frc4786,6435.086090467068
frc6421,3859.0607456041334
frc167,1450.6644486914126
frc4239,95.94334979722315
frc7021,4492.533973179797
frc3883,8232.719230331904
frc2987,7740.476864020501
frc525,2078.890828292952
frc7864,97.60351784507348
frc3418,3207.3775118701474
frc2502,824.6252201553331
frc4230,-589.32745008178
frc3381,825.4259980781037
frc1792,5137.060031478244
frc5720,-588.733525044369
frc4531,3865.148838240497
frc6758,-588.3114373022443
frc2491,5793.936868451607
frc6132,-2929.5883216932148
frc3928,4499.736854064943
frc5586,6434.286377952033
frc6574,4501.814538132334
frc4182,-2136.945752335084
frc2472,2654.0577226712276
frc5271,-2927.2249557658024
frc4624,6432.624156296173
frc2129,3873.2617201234943
frc5576,105.41218815760483
frc2501,-3747.820840617109
frc3926,4503.991427174457
frc7530,-2926.4883804729425
frc4778,2082.642368623341
frc4166,-2925.84488067011
frc4623,-2925.2330508150853
frc5541,-4551.293992669508
frc3023,1459.3098945721422
frc7273,-2136.30280986423
frc3100,3218.9932490054166
frc2667,3878.488880308639
frc2512,2084.46548414835
frc4181,-2923.2261924783747
frc5339,-4551.191887408712
frc4703,-2922.7464768640107
frc2826,2661.0379577019503
frc8803,-586.5494508166919
frc7578,2087.82532470233
frc1675,2088.945989057283
frc6147,-3746.674878357462
frc4226,3225.9683279460764
frc7677,-586.1330359980834
frc3212,-4550.9012157526395
frc3755,-3746.5095805092615
frc6044,-3746.423774480067
frc3298,108.04488445807488
frc8700,109.3648851335428
frc7311,-5316.488300156399
frc4635,4505.068526121096
frc3478,5113.462258115777
frc7102,-1321.5835799781937
frc4010,5798.038363377163
frc6017,2666.7871108894487
frc4403,-4550.381947952204
frc3933,-2922.11552376688
frc9282,-2135.3601520365864
frc5887,-2135.099134434809
frc8734,-1320.9180654762474
frc9213,3882.9889515150535
frc3794,2092.8537411812945
frc6647,2668.8338219226334
frc9280,3885.2254163656858
frc7421,-583.0943586012954
frc6348,3237.646390145469
frc5959,-2134.5091359412418
frc7546,-2918.198101851886
frc8740,-4550.278850911961
frc6676,-2917.934745549194
frc6694,-5315.951526837033
frc4775,-2917.678965628756
frc3158,-1318.9767006584805
frc3526,5798.07691883568
frc6170,-2917.4291444085334
frc6106,-5315.669294338331
frc5133,-3745.288857380089
frc8293,-2133.5104775906484
frc6702,3240.475725452135
frc7725,-3745.1843969490055
frc2283,-1318.4928531555506
frc4584,-2916.1711921934348
frc8256,-2915.9637686851015
frc5932,-4549.67436794617
frc3472,-3744.684704615716
frc9060,-3744.600233592396
frc4782,-3744.515641366768
frc6608,-3744.4309441773976
frc8741,-3744.3461568912485
frc6832,2676.967347437841
frc3467,7738.471929873384
frc4041,8232.204948246414
frc4564,8230.696397728363
frc95,8676.921883496665
frc6933,7742.312143495442
frc138,8232.893618837628
frc5687,6434.290766364473
frc1922,6435.639661878261
frc8708,7742.536186595164
frc238,9034.900510213032
frc8724,6437.401731766773
frc1058,6438.989607456056
frc1247,3887.5526626032924
frc2876,6440.6640490332975
frc6161,1473.2799315522104
frc1307,-1318.1053113154228
frc1512,-582.1898558357087
frc467,8682.411085510239
frc131,7173.6309626629245
frc1073,7739.219890168729
frc6763,8235.17209109368
frc501,3889.0323888041203
frc1277,2678.572894522106
frc5491,837.1042311092774
frc7314,-581.5707515328726
frc7913,7740.282623517121
frc4925,2102.9016950787004
frc3566,-581.0154031734093
frc3597,2104.150095450844
frc5902,-580.4200119567512
frc8023,7738.924033563705
frc3451,838.951439635847
frc1831,839.5843157007423
frc811,1481.5610805409124
frc6690,119.76215518860869
frc4761,1483.8611266136452
frc151,843.7890947573245
frc6762,123.22080973534705
frc663,1486.4791517535107
frc3711,8235.862515407605
frc7034,5813.713282159484
frc955,3433.695854428005
frc3218,5969.600747366198
frc4060,2682.1747806468843
frc2521,7182.525932149983
frc4127,-1312.5467215607503
frc3674,7178.576300744202
frc1540,3262.181770997671
frc6845,-2915.471426809218
frc2926,124.54290364436062
frc1595,1489.027681928695
frc6443,5819.7058496148275
frc2811,8686.80775605553
frc6831,5158.3148867909285
frc360,3280.700111571977
frc4662,-2131.990439113483
frc4513,125.85261476968705
frc1432,4520.55948166188
frc997,5817.400012369811
frc4061,7738.076808286858
frc5920,4522.531526516666
frc5468,5161.711084373815
frc2915,-2131.554321440409
frc3712,2110.195100809668
frc6696,-2131.076026155205
frc5295,-1311.3118131318859
frc2550,1493.8482306318751
frc5970,-2130.307795234761
frc847,850.0439126213867
frc4104,850.7822447885084
frc4488,6446.820624720118
frc1359,2111.830885131648
frc2733,2113.053356210357
frc6377,7745.371952195075
frc1477,5817.899546563709
frc6672,5847.06060675867
frc6800,7735.513456139011
frc3847,5818.6930987054975
frc3035,4527.124845372148
frc624,7734.469656712982
frc9128,3901.8691983741373
frc8556,-3744.0360909176993
frc4610,4528.249137753466
frc2714,5170.515015782346
frc2881,3905.521458459228
frc3735,-1311.0369207542913
frc3029,-2912.5195194552066
frc7540,5816.507928255461
frc5503,6446.525579546309
frc4295,130.54368527161213
frc9054,5818.902322549709
frc8088,3272.419170795659
frc2848,7182.846160582625
frc1164,1501.8170689958592
frc4734,-1310.548688571785
frc9311,-2129.1393984110227
frc6180,2114.8975386552725
frc4328,-2128.501083626847
frc2158,7181.768558586497
frc3545,-1310.1959601204367
frc3676,131.73637110200946
frc7088,-570.5844355709662
frc7091,-1309.2947987377083
frc9289,-5315.277665337847
frc7119,-1309.1174639726364
frc8408,-2911.381532046057
frc2789,-2911.2560759587664
frc8769,-569.3524527112739
frc2950,-2911.1308479698046
frc3743,-2911.0059249142737
frc7125,-1308.498886569083
frc5052,133.18517005040226
frc4717,-2126.4349725102898
frc5866,2116.1114461114844
frc4499,6448.616417372501
frc2240,4536.992738681887
frc4550,3908.6146433700515
frc2122,5821.449041306873
frc5851,4532.979437765229
frc4068,2117.3214453971664
frc8,2692.373152145228
frc192,2693.48396334936
frc3374,3275.46041844961
frc4585,134.2870428543043
frc1332,-1307.9380490130234
frc6411,2123.5760719063624
frc701,854.8552154717122
frc2996,855.7445713071544
frc6844,-564.598364408283
frc4598,2124.6510722083426
frc4175,1514.8675012724327
frc3648,2126.1207714959014
frc4593,2698.2884338709646
frc4944,3841.4056965038
frc6400,-563.553006166665
frc9138,5179.89888085489
frc1569,2129.652356497755
frc2972,2700.3613260727934
frc3200,-1307.0237054843958
frc8087,2132.7404670865376
frc7436,-3743.1078050720644
frc7895,-562.4221828512661
frc8174,-2910.394855617936
frc5933,858.5665109174024
frc3288,859.5782746840056
frc9037,3909.472140281832
frc6358,3289.5306186226508
frc2993,-2910.273714920728
frc3243,-2910.153096274646
frc4348,-2910.0326429997667
frc5071,-2124.767066906548
frc8885,2704.2964680725568
frc7634,860.6586251831919
frc1828,142.1773350125448
frc9044,143.2443320457188
frc7906,-2909.5282673945644
frc3405,-2909.410762685793
frc3245,-2909.293367343464
frc1678,8239.222271181028
frc3255,2705.582854249575
frc6036,7179.820840066904
frc4481,5181.066427803513
frc972,5818.231302208212
frc294,144.32850123833188
frc4201,7178.527284526736
frc2102,2137.7106608712184
frc4414,5184.798042576562
frc3473,2138.7160894442236
frc973,5816.791324401434
frc5089,1526.5987123139698
frc3863,864.1945321260818
frc2465,2707.7648775177736
frc687,7177.172147714905
frc2486,2709.142436356424
frc589,146.448476901722
frc3647,5187.916539821394
frc1266,147.5458441474811
frc4711,865.7828410032653
frc3128,2143.529198534262
frc6479,1532.6930254979388
frc2429,3912.7334182807476
frc498,3914.3115763976625
frc3859,2711.1427551489387
frc4,2712.5741709319555
frc1572,149.56896808893083
frc696,5814.836393583458
frc691,868.4290828578173
frc3008,3298.4774138105763
frc1452,-550.7025665087261
frc3881,2148.2321155557206
frc5012,151.684190347904
frc1515,869.9434366436459
frc7424,-548.6335103043699
frc6658,871.2677752538037
frc3354,-2123.63815260644
frc2584,154.49360497622453
frc1661,1536.3497042819156
frc1159,-1305.2800476391133
frc2543,873.9159841412123
frc8891,-1305.1123508587891
frc4731,-2122.306348492698
frc3328,156.34907490194098
frc3940,8130.948158041405
frc910,5847.28775388601
frc1501,4094.9672754866715
frc3487,9043.870622537535
frc862,6454.730338067464
frc3176,7175.48040489709
frc1024,8237.00551813655
frc868,8694.425910020016
frc71,7174.1549792503265
frc45,5819.733574086598
frc3147,6458.646837159423
frc461,4541.514366146131
frc135,5208.871646394611
frc9208,7737.398154301193
frc2197,3924.0617637830596
frc5402,2149.738973743175
frc2909,3302.8916713701783
frc328,7173.840837878368
frc6956,6461.34713926082
frc1555,6462.762961247565
frc1018,5196.351328184044
frc6721,3926.1979306816293
frc3936,-1304.836491488487
frc5484,8692.696962049076
frc2867,3306.2192108046497
frc8103,157.47776860185826
frc4926,6464.112270593699
frc4982,2151.086629490076
frc7477,1540.5392094228328
frc3865,876.7806780987452
frc9071,4544.594573028756
frc9119,-1304.641308034088
frc1747,3308.144952574274
frc1768,5827.955707581308
frc125,7171.493845956724
frc7407,5828.337094595936
frc3314,7736.825652904222
frc78,6466.463706718244
frc8013,7171.406518551767
frc88,5835.480409644336
frc2713,7736.049984804339
frc6153,7171.446511445453
frc61,7735.574993326724
frc2648,5828.9058180693355
frc175,6470.028617170738
frc157,3309.988253423779
frc69,878.1276802154863
frc6367,-1304.472105504575
frc4908,159.94457327700792
frc2342,7734.750467593449
frc5000,3311.806813197432
frc1474,879.6391298641406
frc2262,3313.590249647927
frc5962,161.70869110070387
frc4906,7733.963156923658
frc4473,1542.4856088683212
frc9286,882.1745221846626
frc126,883.4727450811683
frc9055,5830.167639020883
frc8604,5829.650496078145
frc1965,2153.3957767914367
frc3719,-1304.2746957777072
frc6731,-541.6506886435687
frc4795,6471.700851778445
frc4561,5205.965945454079
frc7890,3930.6476759890675
frc3506,3934.857705122655
frc587,6444.736791682671
frc4935,2154.61607575887
frc6004,2728.765661770102
frc900,7005.260046213104
frc4290,4547.455583415514
frc8429,4548.564558635661
frc3196,-541.3749970204357
frc9000,5832.513969043059
frc5727,6474.015229665072
frc2642,5956.806518538657
frc9150,2730.1355326273933
frc6888,-541.1028714611018
frc5511,3319.085392449249
frc5679,164.70495661505248
frc6729,-539.9394997166721
frc6932,166.11555744696207
frc6502,5835.557113249468
frc8090,-1302.8965840632272
frc9005,1546.7056559713699
frc8833,-538.785894513826
frc8727,4549.7157987644705
frc9298,-2908.4567005994104
frc1225,-3741.6927368571596
frc1533,5835.079962187306
frc6639,-6070.658301084611
frc4039,5871.913443310767
frc4976,5842.897393262988
frc1114,7166.490874324701
frc1325,5835.946190850399
frc4069,4683.758451993836
frc9098,8250.87388139393
frc1241,3962.0273980118145
frc1285,2733.055619227745
frc4152,5213.38171661409
frc1360,2160.2756739473393
frc781,7734.950076382975
frc3161,3867.1317048282835
frc3739,2161.7149714452044
frc4920,5843.358693287569
frc5885,3939.904608288329
frc5031,5835.974132079447
frc7757,1550.1308875217298
frc7659,3327.5498310819953
frc7690,5835.624771281234
frc7200,-2908.2872977217576
frc865,5835.267073665918
frc5672,-2908.1734979640323
frc6864,5216.542268720419
frc8731,-3741.280506802344
frc6859,-1302.435381743094
frc4903,5834.853688828575
frc3543,887.1718915950674
frc2935,168.16733993543488
frc2056,8250.812284088779
frc2200,7736.103096273711
frc1305,5216.722016808267
frc610,5216.080541735993
frc4476,5214.932205481138
frc7558,6484.061351470856
frc2702,5213.9532784460425
frc5409,7192.508041674872
frc188,169.43395798550787
frc7480,6481.81617443724
frc6378,2737.063651322499
frc5834,4564.178820240864
frc8349,3329.623163092181
frc4946,6482.707865429371
frc2386,6483.531716111695
frc6140,3943.468688154295
frc5036,3944.7602389886138
frc8850,-2908.0020220391502
frc6514,-537.0008763400581
frc7712,5839.281076081687
frc5719,5214.062169653366
frc6397,-536.784148892027
frc6987,3333.2627186338586
frc6866,-1301.6623938111507
frc7476,3946.490328824067
frc7603,-1301.5013386896517
frc6975,-2119.1370340028698
frc7902,-1301.2514429908006
frc4951,2741.300462147019
frc9127,-2117.9768990783073
frc9113,1551.540454694753
frc6141,1552.5784976867037
frc1246,-2117.0300143231057
frc771,2742.6060228926244
frc2539,8550.709794761297
frc5895,6512.030346327752
frc1218,5885.030172964792
frc1807,6487.2186220641715
frc103,7737.274215278366
frc1640,6487.92957832465
frc341,5213.867811002115
frc25,4583.483475931608
frc272,7171.298414519014
frc3637,4569.443513713265
frc708,5843.302361388546
frc423,2743.8614806330497
frc2607,8256.046210040184
frc365,3337.4498357103485
frc5684,-2116.0734834802015
frc433,4570.14194554748
frc1391,5216.570806806452
frc5181,890.5998596436315
frc816,171.70263959216715
frc4653,2169.024090113855
frc2095,-1300.8164423125288
frc5310,891.9665153920052
frc709,-1300.656299550626
frc6808,-535.470541795964
frc5113,173.74843656268854
frc5407,175.08672941593002
frc6226,3338.7911573635843
frc2590,6489.761183786248
frc2559,-534.0727118347448
frc7414,2170.2809202651047
frc2180,7170.345070246594
frc2234,-2906.7238221784946
frc7110,176.62046473672854
frc5490,-2114.565905136968
frc3005,6491.102695983623
frc2468,7169.347601994966
frc2582,7167.973275859826
frc1745,6528.810427330226
frc3802,7167.058668114423
frc4192,5845.644486594858
frc2687,6496.337668085594
frc4641,-533.3221836732259
frc5572,5214.326850152576
frc2689,8254.627778463053
frc1296,3955.1309980973324
frc6901,5846.486139708302
frc7503,4573.116049518804
frc7121,178.15554310985598
frc9034,2748.5817417235344
frc9156,5214.425829290668
frc8874,4574.709466763822
frc8816,179.50900241638436
frc5431,4576.876286802769
frc8858,5846.612681929807
frc9088,5846.183822848369
frc7506,3955.2404863856295
frc5682,3342.6864608721635
frc5417,7743.251700316447
frc8749,6497.830945281485
frc6171,893.9172417843457
frc7321,-1299.4950588862841
frc5212,181.36463891630788
frc6768,1556.5594135771396
frc6526,-531.5150732475026
frc3282,-5315.045877977927
frc2363,5846.581220348941
frc1629,4105.232925977433
frc401,3344.140118499615
frc1731,8256.577270252696
frc6802,8253.183012023625
frc3136,6498.727707944128
frc623,7746.603997962755
frc5724,3345.2704441839282
frc346,3962.2904780155036
frc122,7169.150155169996
frc8230,7746.515060896491
frc422,3966.6522854615473
frc2106,5217.08553535688
frc4456,7168.945361639087
frc3373,5847.592816120933
frc1262,1557.5466352315793
frc8592,4700.984787199968
frc619,182.8946430682553
frc9003,-2906.350085040099
frc3939,5847.490565603795
frc404,-530.8501729700429
frc2028,8704.61211941383
frc6194,-3740.6883646623005
frc9235,-2113.294768585738
frc9033,3348.216026966131
frc977,5847.02566567083
frc1915,-2112.362739865293
frc6504,-2111.4526174723246
frc4505,-2905.444855355518
frc1086,2173.4874907442145
frc1885,-530.6566866763202
frc3361,-4547.556079957559
frc3359,-2905.3362264860857
frc540,897.1211763016346
frc2910,6501.889553418738
frc2930,5219.813511229233
frc7627,7747.109398251258
frc488,7170.651206098361
frc4911,5218.435232908274
frc4915,7747.024889621599
frc1318,6503.048607957923
frc2522,7746.110435440953
frc2147,9056.260730927204
frc4681,-1298.1767817006044
frc2976,1559.7601259959126
frc4173,899.0385762893255
frc4131,3964.850402368019
frc3826,1560.9422189999696
frc2980,3965.5206851761764
frc2412,5217.4693509820445
frc9036,7170.787465371157
frc5941,2755.3797328923615
frc4512,-1298.0203216735217
frc1899,7169.404944269165
frc3049,-3740.1877741508524
frc4089,-530.2739653315552
frc4682,1561.95131534565
frc5588,185.73802176793532
frc8248,901.8662886794694
frc3681,1563.034257728961
frc2903,-2109.948151303285
frc949,3351.740788950153
frc2928,2177.179619984237
frc1778,8261.458035503272
frc3268,1564.8655479527768
frc4980,904.4764382458294
frc2097,188.00880922954116
frc6350,905.5749259913558
frc2974,5235.820755474204
frc6340,3966.714800230904
frc6341,6504.76266842925
frc1758,2178.6793752134654
frc5900,2758.665488702605
frc8080,2180.8610480135144
frc6023,1568.1171801690452
frc6712,4587.747792544405
frc6705,-1297.4716932350618
frc6944,-2904.9297426069065
frc6887,-529.068560318688
frc4516,3354.3344050603882
frc4026,-528.8803150023804
frc7104,-2904.8219896496503
frc1311,189.14898817070934
frc1002,-4547.265210933392
frc7451,2761.407299506496
frc1648,-1296.7181510240673
frc7514,-1296.5639235881931
frc3815,3355.8560710139695
frc8866,3969.145309684064
frc832,3357.7119391460374
frc5219,-2904.7097606185685
frc8761,191.22824438763374
frc8865,-527.6119534528059
frc5934,3970.193009000642
frc111,7748.762201712972
frc2451,2764.866540654137
frc694,5832.602892836711
frc2338,8257.329910131206
frc4327,6505.261773669237
frc8096,2184.483558315637
frc3488,192.53593845748264
frc3061,7749.773708243633
frc930,7215.0970631119835
frc1625,4588.812224046025
frc1781,4589.12290525638
frc379,2766.3535187150756
frc3067,193.64245922404334
frc3352,-526.586506005213
frc8029,3360.70553394611
frc3734,-1295.8129148992923
frc7460,6500.376389087673
frc112,3972.8731506481026
frc3390,2768.534770629075
frc1739,194.85908365422523
frc8122,3363.0369990132626
frc5822,2187.6482648745537
frc48,6505.361511656044
frc4645,3363.887992458977
frc2358,2188.718637835028
frc8802,4589.766311053434
frc2151,-1295.6553952299246
frc2022,195.87902132757085
frc7560,-2904.5979742406466
frc2013,3975.2082702561765
frc2830,4590.348829448902
frc2506,3365.667771265548
frc9082,2189.726199585838
frc677,1572.7380890613238
frc3110,-1295.497625136803
frc8880,-4547.1668855832695
frc5125,3366.459714374952
frc4702,-2904.4878100873384
frc4787,2775.2779610943644
frc3695,196.86941271461524
frc7237,-1295.3401374021544
frc6651,-1295.1880566412274
frc806,909.2203001028105
frc5148,198.27213368653966
frc2077,199.16576565020117
frc5603,5852.495448509876
frc5166,5220.811813195358
frc1718,6515.9677623159805
frc494,6708.12131190102
frc5612,5853.405377599627
frc1684,6520.37690714518
frc68,5221.156395766668
frc4779,3379.891198244945
frc314,7174.165663869477
frc3667,3978.14064595744
frc6098,3369.9947911772374
frc5235,9058.263191820251
frc2604,4592.979932623955
frc5114,6511.443236741421
frc247,-1295.0270015748315
frc5562,-2904.3740823600497
frc8426,4593.211399411004
frc3568,-3738.941857880968
frc5517,1573.8445782216972
frc2137,2192.470740262302
frc7762,911.176984323715
frc7192,-523.8214767823541
frc1076,912.0245623646807
frc3098,6511.243455677223
frc5150,1576.0275283480528
frc3534,3980.788303392332
frc9237,913.5905773806618
frc5860,6511.01592276144
frc6085,201.58031992504178
frc4961,-2106.5559662466835
frc5183,-3738.862779436614
frc5533,-2903.9221805888596
frc7772,914.5204649198807
frc5046,2778.6861191969556
frc830,-1294.4903003077468
frc453,915.2776760882289
frc51,7789.858825832899
frc3536,4593.802250706933
frc5560,2194.7355297839204
frc4983,8715.029983588161
frc5907,3982.0696682341554
frc1481,4594.333748399391
frc3618,8266.380548911171
frc3655,7175.057467502486
frc1322,203.3140319452269
frc5702,204.10135210208216
frc6548,2780.0752411853778
frc2246,916.3170667612683
frc6078,5856.714548279032
frc5567,-522.3226202286338
frc8374,2196.603414818256
frc9241,205.45663458895947
frc7254,206.18016997818913
frc5674,1579.6326146127817
frc8873,-1294.034187049106
frc5704,-2903.8108538967945
frc5708,-1293.8832943168986
frc3773,2197.804767539088
frc7195,-1293.7331711380184
frc8424,2198.6436994531623
frc9203,206.89150747041185
frc5234,-2104.6648627319914
frc5530,918.2482355741172
frc6002,5856.253527435956
frc2767,7754.827749685419
frc3620,4011.9354809864626
frc5152,5243.076027109136
frc5675,3374.4516315441315
frc4776,2784.027548380894
frc5712,3985.3937063618846
frc74,8715.088754413551
frc5462,9063.304534572437
frc5927,2784.2933051725863
frc1940,7174.922418504313
frc3875,2201.3478447541693
frc5610,-1293.4863733119214
frc4325,3985.8411398219005
frc6588,-520.5974088046053
frc5056,1583.3242384000011
frc5843,5856.518181989881
frc5182,-1293.0516839803672
frc8126,2202.4667315239153
frc5623,2203.2235909951237
frc5110,208.17083195454336
frc7814,-2903.468828750595
frc3604,6548.907950662576
frc5982,1585.8047055151044
frc5980,3986.257805938837
frc2959,920.5884027621611
frc3658,2786.4589139368013
frc5535,5856.479462712417
frc3452,209.27100305777137
frc6642,-1292.8932642235511
frc94,921.3949783022663
frc9228,-1292.7442853182094
frc5247,1587.059600988218
frc7210,922.7516986020245
frc7809,3379.4639759374904
frc2202,6514.724879753055
frc1706,5226.206494500873
frc4143,8019.834275254566
frc9031,3987.2261421850835
frc706,4598.245617536309
frc4256,5857.385431241897
frc7747,210.79135348013315
frc1756,6514.06988372429
frc4500,2205.6074010318084
frc967,211.38832647425326
frc931,923.6800740907541
frc1339,5226.313577376465
frc1178,-518.5610657726064
frc6744,924.2878827813294
frc5176,-518.3820585456031
frc4329,7503.308954407884
frc6823,5823.1345393916445
frc4330,924.8788510751685
frc6420,5823.224322085686
frc6391,2206.344882767734
frc1259,3381.3106764772765
frc1208,-518.2033735655391
frc7472,-518.0315261483951
frc1982,2790.345777426503
frc2062,3382.520159392313
frc5060,-1291.4520896982003
frc1288,-1291.3053537073172
frc7117,-2102.4176052564353
frc2978,-2903.1295915832948
frc34,-1291.064300886961
frc8069,-3738.117391885004
frc8077,-517.5889164318378
frc3792,214.03863206999665
frc8719,-2902.9637313151143
frc1329,-2902.857175973888
frc4418,-517.0324547260252
frc3397,-3737.7088428292445
frc5583,-2101.203148066401
frc4232,-2902.472375263139
frc7452,-2902.3661762310408
frc7496,-2902.2599826212645
frc2408,-2902.153794436711
frc4931,-5314.346587603426
frc4607,5226.497535277151
frc7028,3989.754451982552
frc7257,1590.526330884432
frc2509,926.3227860898791
frc5638,2208.367195812844
frc3275,926.9008037889504
frc3216,2209.0447765759936
frc5172,4491.976932513462
frc876,6514.375799887644
frc4663,4487.96451727527
frc4539,2209.6678797134127
frc6146,6503.354755008496
frc2470,1594.3365834621509
frc2883,5227.235567792234
frc3134,-516.8405844874496
frc3026,-516.6703852503609
frc4536,-2902.0475592887005
frc877,-516.5004955154309
frc3293,-516.3309220715863
frc8188,1595.0053146391372
frc2508,-3736.8003057499327
frc3058,929.013900032877
frc7858,-2100.1011992948143
frc6628,3994.935122317896
frc4198,1595.9050542282564
frc3313,3995.0809620098125
frc2654,1596.539829579206
frc3277,-2099.426858161279
frc3630,6511.101132857894
frc3300,-2901.4512664566732
frc3740,-2901.3457434214715
frc537,9061.182646726049
frc5929,-2901.2402240138504
frc7038,2792.6669256599043
frc4207,930.9090573725939
frc2175,3385.6953086157596
frc8586,-2098.5638902148517
frc7235,-2900.921775811828
frc8255,-1288.8123285334532
frc8887,-2900.814580190676
frc8422,-2097.58020649644
frc5658,-3735.8875358002206
frc4238,3386.28705351458
frc4360,-2097.003258835083
frc3691,-2900.2300544579202
frc6453,-3735.6465006128233
frc7048,1597.4366280753472
frc1619,5226.51022561419
frc6424,7744.970551354649
frc2352,3386.8584594406316
frc3660,217.3875824879458
frc1209,2796.6209508806523
frc1108,3387.9904924265425
frc5889,2213.988940578722
frc1410,5857.36518172667
frc4005,2214.6109773176468
frc2165,1599.7563714814337
frc3160,932.9672975135451
frc2773,1600.5949587014948
frc2341,4595.017323950613
frc2373,1601.1692463793565
frc4523,2216.2301051484183
frc2945,3998.281962332144
frc6026,218.40461394817723
frc2333,5227.146721825079
frc9007,3379.1708801286795
frc3247,-2096.376324885174
frc2395,934.9982825183375
frc2718,2216.804823302499
frc2359,3388.6814209531963
frc4293,2218.434943885169
frc3465,-515.2821105172785
frc6809,-515.1143713136628
frc5578,-3735.573612381071
frc2986,-3735.500933143624
frc4603,-4545.268846296151
frc5550,-2899.760742158128
frc8711,2218.113676569768
frc1750,-2899.656580571689
frc2046,7748.183023651948
frc3636,7175.803833947811
frc2471,7743.652119615075
frc1425,5873.553496286022
frc6343,2803.4656340420156
frc2990,7742.318285676521
frc8532,4596.883151635539
frc3673,1605.3213424364521
frc568,-2095.7067619688282
frc2635,2800.6183935172994
frc4043,3391.1787744065123
frc2374,4000.851834761119
frc2898,2220.929345447381
frc4450,2221.3450123969883
frc6465,936.2574635644418
frc5975,936.741286969193
frc957,4001.014865769081
frc3024,3393.4650143856256
frc753,5857.669941981008
frc4125,5857.178462520583
frc3679,5921.364953299727
frc5892,8264.930990863932
frc5414,4598.002365504075
frc9140,4720.225051439243
frc6357,5855.782811818488
frc3561,1608.0932033480797
frc4364,-2899.2815102431864
frc2583,3393.9562839598325
frc418,4003.2829931599167
frc5726,-2095.1368118934715
frc8610,-1287.6092687459745
frc4597,1608.6272032664872
frc5894,938.5410235713895
frc8827,7743.1841012266905
frc8507,-1287.4665280776699
frc8598,-2094.2095911137594
frc5103,-1287.229233430149
frc8625,-1287.0868722187934
frc7521,-3734.8307315386533
frc4332,-2093.304271332309
frc8369,221.04882593206284
frc7621,221.55905280358073
frc7138,222.05313307389332
frc457,-2092.877214321487
frc6155,-2092.4698703579384
frc8114,222.53213229811706
frc5986,-1286.644497856872
frc9121,939.6127971704196
frc6510,4601.56981061948
frc3132,4004.3305722542705
frc7433,1609.6712346507136
frc5584,940.7266217928092
frc6996,941.1724861030319
frc6508,-512.9357434114529
frc4774,-512.7710175740061
frc4817,941.6141572698554
frc9144,225.0550126599357
frc4729,-2898.0777534339777
frc9191,942.1974467354595
frc9145,-2091.7764629225876
frc6434,-512.2181609400845
frc9147,-2091.401505620665
frc7128,-512.053857127721
frc6432,-511.890629579346
frc5985,5232.6498833236055
frc5331,-1284.892728316352
frc7163,-2897.5630370260164
frc4537,-2090.7409868266313
frc9146,-2090.399137587842
frc7561,-2090.070938348271
frc4788,4004.5234177171733
frc5876,-1284.4691612896465
frc5648,224.7849173455102
frc5988,1603.5165226296222
frc6083,-2089.4711754316045
frc7583,-2089.167071207343
frc6063,-2896.4352877526203
frc6575,-1284.1055246531753
frc9189,-2896.3326885488627
frc4739,226.7695076549595
frc8844,-1283.9612875482576
frc5564,-3734.0679064701553
frc6476,-3733.9970127427673
frc6520,-3733.9260032658735
frc1323,8286.019243417739
frc8048,4603.480086124597
frc8033,7178.415525601778
frc1671,2808.973386225196
frc670,4005.5863800350935
frc5940,7744.416267297528
frc4738,5857.776149282355
frc1148,2224.353351755128
frc2551,5856.575863700032
frc2288,1612.1739025852546
frc100,2225.214427147794
frc3970,7178.323973632358
frc8768,2810.525636494178
frc6305,2226.602080210108
frc9202,944.932203287789
frc1422,227.63182868836086
frc8262,-1283.8176711229194
frc4400,4603.880246370647
frc1072,4587.424520815693
frc7777,2227.115130594189
frc5026,4603.481259956595
frc6822,945.126652511419
frc6657,3341.5939015302865
frc9274,945.5301525341272
frc5817,3398.6010685633146
frc6662,1615.9433445592006
frc7419,2228.209395483083
frc6711,-2088.0517969378952
frc840,1617.2403407394222
frc8546,2815.852155218456
frc6238,2816.439920395367
frc2473,3400.311910231739
frc6918,2230.813989354468
frc5104,5235.802507760234
frc2135,2818.501010019272
frc3189,3401.2279430165513
frc4322,947.2580680995172
frc7157,5876.412631138033
frc987,6495.229940449537
frc3476,6516.024520883033
frc7137,1618.8638743990655
frc1538,6988.9320775832375
frc4123,2820.2353795277636
frc2637,2820.764325571076
frc4014,5235.319799083842
frc5199,5857.685219455311
frc7447,2234.415405822237
frc4415,5235.5463114159875
frc2839,2234.882392609708
frc5461,2235.3407185957108
frc9271,229.38606824692692
frc3882,4010.970765751803
frc1884,2822.569366391222
frc1160,3404.646280195351
frc6220,-509.68515944365373
frc968,5234.873824605266
frc6560,5234.320132633793
frc5025,1621.870515584754
frc3295,229.95543329215994
frc7230,-509.1517713989198
frc6695,2824.1357784425613
frc4276,3404.2746787324913
frc6072,-508.9925538510741
frc6499,-508.8337200361634
frc7042,2825.7071430660963
frc4183,2238.822408677218
frc5835,-508.67513619741146
frc867,-2087.755273660324
frc4619,230.96507971664437
frc3952,-508.14754182638603
frc3501,2826.5997733289596
frc3020,-1281.7756918320986
frc4141,-507.89431492020384
frc4079,1623.2205765114118
frc8521,1623.6505911076151
frc5805,-2895.641185495961
frc5857,-2087.1789764428145
frc4984,950.7956851958843
frc812,232.10947132682102
frc4019,-4544.367085743702
frc5137,951.3360250156094
frc3309,-507.3571020590915
frc2813,4012.3051828276234
frc2485,2827.1140027604342
frc1388,2827.5580225256563
frc399,2827.990306533829
frc1891,951.7162245834538
frc3880,1624.949153401439
frc3512,8265.292714918933
frc8005,2243.8708200327274
frc5869,1626.179056504358
frc9084,6051.319384763151
frc7323,233.52695495796425
frc5285,-2895.337258525221
frc1836,5118.351881566229
frc6995,4012.372770598596
frc5526,2828.6875584027503
frc6060,2245.602275114632
frc5274,3411.203830670895
frc2710,-506.8283169080639
frc7130,-506.6728382860966
frc5136,-506.51759438073196
frc3925,-1280.1174565864355
frc4270,6515.8503870789655
frc3598,-2086.6058869800277
frc599,4611.550792418046
frc1138,5228.718992645701
frc8533,-1279.8875572821264
frc7415,2830.621249524356
frc7327,-2895.0304821745085
frc3759,234.35428087352642
frc6398,-2086.052227426595
frc4698,5228.169678509206
frc6934,-2894.7282561774205
frc4160,2246.94630847774
frc5678,-2085.73377542941
frc6764,-3733.0923418142397
frc8006,953.8659310624001
frc7607,1628.6280872662992
frc176,5937.02663414863
frc177,5385.933658243869
frc8085,7746.149140594912
frc716,8265.124301259933
frc230,5230.355700862744
frc2067,7181.67898726911
frc237,8263.597383962282
frc5746,1629.0243935941796
frc8889,7749.463716664475
frc839,-1279.5569625961316
frc999,4615.3284661741745
frc3654,3412.392139394368
frc1099,1629.4146899035627
frc3461,8263.407320573757
frc8167,5865.772306647158
frc1071,5231.198643897407
frc5494,-1279.423142985119
frc3464,2832.5036409131403
frc5142,-2085.0394661545556
frc7694,5230.650681227318
frc9193,2249.3803264579064
frc236,1630.6270857489392
frc1991,-1279.193856298058
frc2064,235.1947972874353
frc2712,-2084.5795098453427
frc3634,235.54931601963557
frc4628,-504.77656194911805
frc1124,-3733.019360690388
frc2170,4020.6474324989003
frc155,5230.137856698396
frc9216,-2084.3496652115787
frc4572,236.0476509926227
frc558,957.3068379738364
frc181,-1278.5755241503268
frc5856,1631.2859038155962
frc6346,3414.0253700971502
frc7869,-504.15584708175817
frc228,5229.6068346271995
frc7457,5230.565412491253
frc7617,6109.876102015541
frc234,5870.401134452955
frc829,7750.083982764579
frc4272,4620.5897065784175
frc3494,7748.612880485354
frc6498,8734.676819876933
frc5188,5869.912693580429
frc7657,4620.683795924936
frc5010,5870.763534630227
frc292,8266.801628761796
frc3947,6519.120030779404
frc3559,958.3109181769756
frc7454,6518.721450327141
frc2171,2250.558935654831
frc1741,6518.314322638997
frc8116,7749.213910033172
frc8564,3414.4480199173686
frc8742,2835.8653916041685
frc1720,4620.700921219166
frc1646,7176.528678657876
frc4580,3415.400035468271
frc3890,2251.9202975126723
frc2199,5871.55227668582
frc1908,7175.098098352033
frc888,6520.135676271858
frc1123,3547.258739895116
frc836,6520.152812720815
frc1895,5234.425386162115
frc4099,6718.95866828674
frc2914,958.6982676492345
frc1446,-1278.160728850041
frc1389,4622.449100174738
frc5338,1735.4128385184065
frc2900,2253.894405733291
frc614,7175.598083967775
frc449,4622.528621076518
frc6863,7750.3050637846545
frc7886,-503.89424023904877
frc6326,5873.540257366227
frc8326,-3732.947722639923
frc611,5236.169616713035
frc2537,4623.588029966688
frc5587,-1266.0737568925936
frc4821,959.2838719528997
frc620,2254.2871732293097
frc5549,2839.7177170711916
frc5841,-5313.780318207149
frc5830,-1277.381695565415
frc1111,7748.837990921908
frc4638,-2083.2745794853795
frc8622,4025.5169751693384
frc2377,4025.658208019054
frc2534,-5313.559596688513
frc8514,-1277.1528515656514
frc6239,-3732.875145160638
frc2961,-2893.3607233928574
frc1189,6522.590126923828
frc469,6599.97503017702
frc7769,5875.2421711199795
frc217,3424.0500350519515
frc226,5879.356930910353
frc7174,6523.950380359082
frc3539,6524.193225085712
frc201,2841.2276280105207
frc3572,6081.618802783799
frc8427,-503.4151163410941
frc5577,-1276.7401437115507
frc6567,959.6490794833248
frc3096,5876.654725343846
frc7145,-1276.6074906621477
frc5467,-1276.474996915594
frc8280,-502.9679058170771
frc9250,-502.8158566191424
frc5498,-1275.7880338864836
frc5555,1639.3470754887583
frc313,-2081.8500343963997
frc5532,-1275.560056032832
frc4768,-3732.637408378397
frc2048,-5313.335742402718
frc4854,-3732.5667438566475
frc240,960.6106464676244
frc7597,960.9473788800951
frc9182,4625.405048264653
frc2673,-2081.4145709385202
frc3632,961.2803490008494
frc1528,-1275.3321372812827
frc5478,-502.35626255023067
frc8352,-4542.968083305651
frc5197,1640.5068823251713
frc9148,2257.207064394445
frc9253,240.8232872895981
frc2059,4622.608066940706
frc9008,3408.3482555220353
frc7443,1641.6234146939098
frc3336,-3732.4058422263156
frc8738,5240.233191194765
frc4816,-501.8395837902117
frc7671,2843.1686589264864
frc5518,962.9961056118032
frc5160,2843.512422558791
frc8758,-2080.9319249819773
frc4829,4028.9065882277328
frc3229,3425.408217974815
frc2640,241.74321830576577
frc5190,3425.707944402041
frc9259,963.489434890744
frc6500,963.810332258534
frc8304,-501.3103407682807
frc8804,243.09305526461526
frc8746,-1274.238584736184
frc435,2259.75637684606
frc3822,-2892.457585138069
frc2655,-500.7045306614804
frc3459,2846.3128935883683
frc9042,-3732.168696058954
frc3737,-2892.3012130135744
frc8205,-1273.8310994716978
frc6908,-4542.486461607417
frc4828,3426.6019725566243
frc5919,-2892.2020691082885
frc1676,5246.184506376963
frc1923,7245.237053852125
frc193,5239.515974796397
frc3142,5239.0399087441665
frc752,-2080.0566839439
frc1279,964.318521759801
frc8117,7178.922559408521
frc7045,6525.458451442098
frc1811,964.633460646493
frc223,4030.791817380565
frc219,2261.052143801544
frc2577,6524.982338972584
frc4361,6524.502208012881
frc75,5881.608110322602
frc6945,964.9619804049057
frc5732,-1273.6036599505646
frc5438,-1273.4743885889104
frc1672,-2891.8981595515743
frc5992,-1273.3446010734085
frc2070,965.2712318338704
frc56,5239.517676173445
frc2458,245.3153557055949
frc222,6524.491092620335
frc102,6524.008458750686
frc41,-2079.110595396286
frc3515,965.7482712863249
frc6860,1645.7866149449733
frc9116,4030.9633896008227
frc484,4635.4086443787655
frc4573,5883.580394906303
frc8513,246.07313286634786
frc2600,246.38000236309452
frc555,7180.473211442611
frc8628,246.68129727856018
frc1143,-2891.5965136900363
frc6329,7179.19258551908
frc6328,3428.666983830904
frc5813,8733.908356624024
frc4909,6760.954786054874
frc319,7243.679574875537
frc8046,7753.913728615039
frc246,8731.59380127433
frc166,5903.669071751042
frc1740,9075.037908295035
frc1100,5241.281708806455
frc2423,7179.65051249223
frc1153,7178.355935983993
frc4048,9428.87904601607
frc509,7754.453874016375
frc8626,7178.40150030324
frc2877,8734.697311129103
frc6333,2261.847015916296
frc8410,4032.5443186007246
frc5112,8282.97570837021
frc2079,967.1720835800971
frc8544,2262.204788160646
frc1350,2850.106776973678
frc173,-498.6914618450428
frc6620,1648.048000437301
frc4451,7755.043090815964
frc4189,7754.464986300572
frc2815,4032.6956132317137
frc3489,2263.8098691392192
frc1102,7179.895720895658
frc4533,6532.255256049363
frc1319,2264.147481174017
frc1293,-1272.8265929398929
frc1287,4032.821092826679
frc3490,5240.886501199511
frc342,5885.488508001568
frc343,5241.290928943026
frc1051,968.1191126936293
frc8575,1650.2724950742052
frc4823,-1272.6979228901616
frc6366,2851.4169946135908
frc3091,-2078.392548560237
frc281,5885.640933966915
frc5130,969.009811521914
frc6910,-2078.2083137995614
frc6167,-1272.3742075623281
frc9315,-2891.0882323429614
frc4073,-498.2407324518117
frc7085,2265.7540754775696
frc6961,-2077.725866284137
frc3976,-1271.87420567729
frc1539,-2077.3233100597104
frc118,8284.187663473296
frc324,5885.115596914374
frc5427,4636.417009937654
frc8576,4060.5181463488766
frc231,4636.930293540957
frc5829,5884.790548214829
frc7616,5884.264844267012
frc9136,7179.6152297901535
frc2882,5883.764655169763
frc6645,-497.995814670881
frc8177,4637.00365622127
frc4587,5247.188815262507
frc7115,-1271.3755026699
frc5923,4036.784523024947
frc2585,-1271.2481437492042
frc1255,3434.491581699549
frc3834,-497.6562218363609
frc8573,4638.574508007188
frc4639,4038.424653733204
frc6488,-1270.848504205315
frc9181,4038.5363241812634
frc8370,4639.575436226047
frc7418,-1270.7217175456356
frc8515,248.9386185395302
frc2587,5248.056302473065
frc8750,249.2291458082068
frc7492,969.6716886586646
frc3728,-2076.240103102846
frc9307,249.9473292987105
frc8591,-2890.373224276704
frc9081,-3731.0059609816353
frc5291,2853.299948717506
frc6230,-1270.4845436745652
frc7177,250.22919869408295
frc8223,-495.7773809038141
frc2659,7178.064304786327
frc7426,2853.598745251411
frc2443,4039.682863315464
frc6413,2853.9233483465096
frc1212,2268.7529672811843
frc2073,7176.8294796178625
frc7645,-495.6338365677553
frc1165,4640.9980354864765
frc4146,250.82422479411693
frc9091,-1269.8051777966944
frc60,3439.392602222175
frc2478,-495.03515678018175
frc2403,4064.6494418485627
frc4135,252.94800790916557
frc4111,-1269.4047382843173
frc4565,970.6752656293912
frc3853,-1269.2794184455136
frc9059,2855.6742795146497
frc6968,1653.188933297113
frc668,4641.663042356697
frc991,2270.3919666026113
frc2662,252.02065468266315
frc2449,-1269.15016018743
frc2840,252.2866554766732
frc7214,-1269.0211110688865
frc7755,252.5489549203824
frc6922,-1268.892115221031
frc5059,-3730.9372255213243
frc1011,-1268.7670556824414
frc3019,1654.1640217863924
frc3187,-492.8928064763437
frc7563,5248.882569997131
frc1860,1654.6341711744972
frc1156,6967.127561529596
frc7567,1654.9772975999033
frc9047,-2074.1525882054193
frc9164,253.10868275954093
frc9200,253.3637381648336
frc9305,-2889.9378304797065
frc9219,2856.3351857562243
frc9199,-3730.6982247022456
frc7033,-2073.913215983517
frc7565,3441.460041131158
frc5800,-1268.1627745753349
frc7459,-1268.0382592339054
frc9169,-491.83814644407255
frc9218,-2073.29466416262
frc9163,-2073.136943018208
frc8276,-3730.625210045123
frc9165,-4541.589887870503
frc9168,974.2634287092144
frc9048,-3730.4662857902763
frc1772,-2072.9799728014973
frc9178,-2072.827692069984
frc9045,-3730.3945469845894
frc9175,-2072.677529267295
frc6404,1655.588171534297
frc6902,-2888.3684234662755
frc9085,1655.8844750342844
frc9166,-4541.1103658940665
frc9302,-2072.453036256726
frc9261,-3730.0676649010934
frc9049,-3729.9988953887564
frc9066,-3729.929991116953
frc9162,-3729.8609528895936
frc9050,-2887.8281529118667
frc9110,-2887.7360149844044
frc9046,-4540.23770753945
frc9087,-3729.373541294398
frc9195,-3729.304881798339
frc8066,-491.6887371265888
frc9196,-2887.522543155503
frc8882,-2887.4303778558656
frc8841,2273.601555500364
frc6722,6535.361812516254
frc86,1656.9773042193979
frc4118,254.3938443141821
frc9284,-491.192761350985
frc5842,1657.2673515018346
frc386,2858.1108479452155
frc1902,3442.2984042842727
frc8753,-2887.3381564483457
frc6473,-1266.5072685200862
frc6743,-490.9570467728582
frc233,254.97451441975267
frc4562,-3728.745329807314
frc5145,1657.5811957838002
frc5816,976.9998755507692
frc801,1658.1403997177042
frc6527,-4539.54230909939
frc2425,-2887.193596816296
frc21,255.68205799620208
frc8324,-1266.14105210207
frc5412,-490.0196200115719
frc1592,4044.131160796881
frc4622,-1265.7498538067753
frc7431,978.9302638854475
frc4091,3443.432508682738
frc4013,1658.7015968636606
frc1369,-1265.6287229756795
frc6322,-2887.0932829184176
frc7442,-2070.875672489432
frc1557,-2070.733759158416
frc9279,-2070.593933756403
frc1056,979.805055970767
frc4024,-2886.391219535178
frc8057,-2070.380261498826
frc5872,-3728.066586101228
frc6402,-1265.1078146296504
frc3242,-4539.234890033242
frc2797,-3727.908149548191
frc1736,4642.953975875874
frc4213,2860.52097617069
frc2481,5889.549206470313
frc2169,3444.4569537726293
frc6237,4046.3934386910682
frc5801,6535.007146263971
frc2704,5249.214588836266
frc4187,3445.3990289366147
frc4096,5880.56190901363
frc4655,3445.5933337989877
frc4314,2863.6566500225426
frc6317,256.94814922431516
frc2039,2863.894803931439
frc2040,1659.3414294333627
frc5442,3447.0155499748903
frc5847,3447.1978027617984
frc7848,980.8522441394684
frc648,1659.8934273026093
frc2080,5242.415984176776
frc7417,257.6294484291822
frc1987,7172.089806294124
frc3184,4775.372595383955
frc1710,2866.1277936450106
frc1730,7744.134238430041
frc5013,5885.707383194169
frc3729,-488.85397482618635
frc2410,4049.2178045457276
frc2220,3448.876250753427
frc1827,-2885.972643841625
frc9269,-2885.8815709441155
frc5126,2281.4465253038616
frc5098,-2885.790460099766
frc8825,4648.727884019546
frc5837,981.9179378189699
frc5147,-488.7140272538699
frc5119,-3727.3495637308006
frc2357,1661.2515563726568
frc1775,1661.5136445985881
frc1769,3449.0998857432214
frc5141,-2885.6384769227466
frc4809,258.6332474953273
frc5268,-1264.4350336819975
frc2457,2868.9066720505457
frc1994,-2885.545439384102
frc1847,-488.12475722486727
frc1806,3449.883229917936
frc5189,-487.9915278807758
frc1763,1661.8055552205592
frc1764,-1263.7768499374329
frc7662,1662.0619138897778
frc1723,259.21164281392674
frc935,984.9451695842467
frc8112,3450.0437317048836
frc2560,-4538.751627869972
frc195,5404.679597957723
frc1699,7756.475789739714
frc2370,4648.990741228757
frc1735,9081.70865103988
frc178,4648.933161445098
frc2168,-2069.1743819254957
frc7153,5886.449030437384
frc7674,2871.139963585889
frc3146,8739.984116627651
frc8709,2285.2459441337514
frc1027,259.86522738501316
frc9096,-487.0428102493849
frc571,8289.808089225518
frc6723,-1263.2802394479252
frc6895,-2068.811382274245
frc3182,7169.783365153514
frc7907,-486.8106191371634
frc7127,-2885.0459523118557
frc4987,1663.4019264662597
frc2523,986.0064608480144
frc5050,4654.689456529922
frc4405,5885.523935142947
frc8362,260.85156932367425
frc7220,5885.0760922360405
frc8179,6539.643341204598
frc6101,261.07578052850874
frc8895,-1262.7836700722282
frc9226,5257.815295590535
frc8124,-3726.6970720241566
frc280,-2068.3741803851362
frc9211,-485.8644496040826
frc6615,-485.7343019490908
frc5263,-1262.0270076425656
frc2337,6540.357148297426
frc5901,5257.3613336709905
frc2620,7757.950676674305
frc123,7756.4932970228165
frc8774,-3726.629676556633
frc9255,7172.712927501585
frc1,986.625168751426
frc4851,1664.2304330271577
frc6532,-1261.909083094709
frc6914,-485.3980463598913
frc815,2286.306847626384
frc2591,2286.591303097546
frc7692,3450.980692877689
frc5756,3451.1320758345983
frc7188,-1261.523497236474
frc5642,987.5148686496067
frc7196,987.7678642530866
frc6096,2874.9792509996378
frc7856,-485.1567233902998
frc4390,-1261.1385987697058
frc6099,988.0219294040364
frc4838,988.2715166109017
frc7232,-1261.021568306352
frc3619,-484.81609911347266
frc6616,988.5217574720243
frc2075,7781.595715590724
frc2960,2969.715183528353
frc3546,7754.60316852602
frc5926,7174.402933232055
frc141,2288.310869993964
frc6128,4057.525397429218
frc4956,3455.055327620827
frc9223,-2067.094906828735
frc3458,988.7843584968905
frc858,265.10479998561806
frc7810,265.320923467214
frc6094,2879.730403735665
frc4337,2289.5370979833974
frc9246,265.53509298038045
frc4004,3455.840649365054
frc904,3455.9759283682824
frc2405,2289.8757866376773
frc8285,-483.61869447472816
frc7602,-2066.965562895569
frc6005,4652.253152881548
frc6428,265.9120534055563
frc9225,-483.1385702750019
frc5470,-483.0116282367114
frc9248,-482.88478745988897
frc4855,2882.976871476571
frc5216,5888.399763512533
frc7211,5887.294448752903
frc3641,6542.089983559548
frc9227,7754.191119154763
frc4003,2291.042592151134
frc5547,989.81382274959
frc2619,5887.634108715861
frc3770,7175.3714173572225
frc5229,1671.2326054799641
frc8286,-3726.560681579789
frc9245,6542.910737641349
frc4382,-482.7522373723364
frc6071,267.2105857613666
frc5248,-482.2775985166388
frc7823,267.58089090906395
frc8517,991.0138810423656
frc5224,-1258.8028058804578
frc6533,-1258.6890664860791
frc5525,991.2556460246177
frc5203,-481.5893157326691
frc6020,-2066.369043510381
frc7109,-3726.492988801503
frc4398,-481.4632628274281
frc6963,1672.045002091928
frc6087,-481.33803302248253
frc8041,-2066.240387063574
frc6097,-1257.5637430921288
frc6121,1672.2767783334846
frc7808,-2065.8911569534735
frc3537,-481.10904486917065
frc9176,4064.98193169154
frc5504,-2883.4762946707833
frc5501,992.6758513643675
frc2992,7001.878793340698
frc8808,2201.1191554049706
frc1421,-480.87319888662097
frc4087,2884.0654582836123
frc2183,2884.232308316989
frc7428,2205.579608091575
frc3468,270.048777440245
frc7255,270.25193472631423
frc3616,4653.023590075376
frc3959,4061.7315529389653
frc1912,270.4532570899999
frc1927,-2065.688257716991
frc456,4653.5391985822325
frc538,-2883.184139044769
frc2221,-1256.6932919040432
frc3824,270.6541096711758
frc7094,993.7837792007158
frc3753,1673.857769687133
frc590,-2065.256755833252
frc364,2884.789767208378
frc4107,-2065.1393576413734
frc7474,-1256.36513996118
frc8044,2292.1771284930574
frc8732,5261.976128890316
frc5045,1677.1335520835248
frc2190,-2882.6437288732664
frc5696,-2064.7189614303143
frc4723,-3725.927416618155
frc8291,-2064.6037695820387
frc5948,-2882.087294236895
frc4735,-2881.999870651549
frc5705,-2881.9123984185667
frc5312,-4537.673625071641
frc4371,-3725.2768200803403
frc3527,-479.75496924786415
frc6606,876.3357986650637
frc9053,-2064.222459467677
frc9118,4061.950748468024
frc5716,-3725.2048613163606
frc9065,-2881.378559912638
frc4355,-5311.585310142755
frc1591,5889.808090079411
frc2791,2292.843854690478
frc1405,2886.0206818641864
frc3015,4655.119295286959
frc4027,4655.046418000004
frc3990,5263.7496295159635
frc20,7167.818052980678
frc1507,3462.2321658545025
frc3550,272.1294503991561
frc2053,4065.5551173547037
frc6806,3463.2220111321635
frc7636,-478.9126847669552
frc1493,4656.637461372877
frc1559,4656.555468340639
frc6868,1678.3065452439853
frc533,2886.0782103356346
frc340,2888.242665289543
frc2228,994.1127328935804
frc1551,2888.382890544317
frc250,2888.519878900804
frc3181,4068.3368680206395
frc5740,994.3457668811456
frc1511,5264.532747831864
frc424,1679.1488816706703
frc3003,3947.97216883613
frc4093,-1255.3341370445855
frc271,995.1638578885127
frc8393,3468.395523644535
frc3951,-2063.80259196328
frc3360,273.7848184240428
frc4150,2889.7955882065585
frc6621,-1255.1171747896437
frc5590,-2881.0765758012562
frc2172,2889.924840232256
frc3838,-2880.989541056946
frc3117,273.96054716968996
frc4930,2300.176011400591
frc3044,-2063.3104525842396
frc191,274.13511189773715
frc7903,-2063.2003179394824
frc63,2300.7135254360446
frc578,2300.928644328016
frc1126,1682.2523304875872
frc120,6544.254156388995
frc5528,-1254.7926701533859
frc639,2891.660831623312
frc378,4066.754345625994
frc3799,-3724.644274848514
frc1585,-3724.5798801651754
frc229,-477.4082790144525
frc1518,-4536.723890169571
frc6300,274.4856286786244
frc2340,-6070.163625064451
frc1450,-6069.750463943437
frc4020,4677.833006451536
frc2252,6543.656147806969
frc1787,6543.053167379085
frc2614,5264.419590458068
frc2603,2891.8194917380233
frc4611,5264.3050301935655
frc5413,4067.6588502883706
frc325,5263.834450713566
frc3201,2303.412977483579
frc4028,7169.112301019001
frc554,1683.280283323846
frc4467,4067.753578219946
frc3504,5263.388104802537
frc2399,6492.041436213368
frc4121,274.69735418703215
frc1317,2892.544791030407
frc4145,5393.400128677042
frc3814,997.5851792211572
frc3193,4664.8903523896815
frc3260,275.2929227447914
frc5811,-2062.862661474677
frc4269,997.9979325648427
frc2051,2304.991627326729
frc3492,3474.422781113156
frc3140,2894.1534692427563
frc7165,4069.478396117069
frc1708,2894.300388012529
frc2783,3476.6273549822035
frc3984,2895.361649808612
frc128,998.240018406855
frc3484,1685.2591463918625
frc4085,2895.4825775018994
frc6032,3477.882336815752
frc7111,1685.4312274114689
frc6964,3477.9333909116403
frc5667,3477.60704150426
frc7515,276.3294476181125
frc144,4072.138106478351
frc9097,2309.914837539775
frc451,999.8341588625367
frc5492,1686.69680152373
frc3324,276.92849077374996
frc6936,2899.0606663502112
frc1014,-1254.2895329794042
frc4504,1000.8271732057469
frc4601,-2880.153051961801
frc6834,-3724.257172673261
frc148,5897.237306980704
frc4153,5896.548198966546
frc3310,7168.748377957077
frc7535,-1254.1789604499404
frc7534,1687.1640560087496
frc6369,8740.270106777461
frc9080,4072.2032872774444
frc9105,5266.4620858682865
frc5411,5973.662966833689
frc6974,-475.30502932101075
frc8528,1687.304722122849
frc5613,7757.119111195874
frc7271,-1253.7994350824224
frc9299,-4536.44523057937
frc4251,-2061.996497754221
frc4063,5266.014008959116
frc8818,-3724.098235385319
frc3481,2899.215789370645
frc8019,5267.699211065034
frc4219,7168.879648903113
frc8819,-1253.5871394611936
frc8879,1687.4711118082819
frc2969,-474.9759809678973
frc2657,-474.85956763724863
frc9051,5265.107519230361
frc492,6544.13347846133
frc7461,7169.967358397468
frc4692,3481.0808497048283
frc3876,278.0609624143313
frc6076,278.22400674598373
frc8020,2900.2706441153628
frc846,1687.646269754493
frc6000,1687.7850002921882
frc4501,3481.71823778838
frc6833,4664.063115505151
frc597,4099.983089826479
frc6904,1687.9239808432733
frc207,-2879.7336678252573
frc4470,-1252.9314306683725
frc702,1004.6663007827779
frc606,-2061.3498086678896
frc5124,4075.4980440556037
frc3408,-3723.8694925296577
frc5500,-473.9233751644921
frc7185,-2061.241944047952
frc4964,-1252.345399932108
frc980,2316.2006818237996
frc1197,2901.983333563059
frc8898,-1252.2374043789503
frc7611,-3723.8038369415135
frc9172,-3723.7394563537673
frc8600,-2879.0500815602886
frc4999,-3723.5127192792947
frc1759,-2060.607318935803
frc5669,-2878.6997121468876
frc5507,4671.872735919998
frc971,4083.3924668287173
frc1351,3484.8802899263196
frc581,4672.377490627096
frc115,5266.879074325716
frc114,4078.5425088912084
frc604,7124.477438716365
frc649,5901.0165548461355
frc2854,1689.183066719155
frc6962,2317.808135234889
frc8852,1005.7919717975902
frc8404,2903.6773820962294
frc9038,4078.6037059421196
frc8169,1690.4390137494213
frc8751,279.4661627866392
frc8793,2903.797072730583
frc1967,279.62608990921575
frc5924,5267.34559096061
frc841,2320.364086235917
frc9006,-472.8902402569972
frc4186,-2878.6147039313432
frc6418,1006.9973095019093
frc7245,1691.7023926853656
frc8016,3370.2316002489943
frc5700,1007.7458234388805
frc9114,-472.7284316069081
frc4669,-472.6145675242302
frc299,-2060.3379304620257
frc4765,-2060.2359641677845
frc9125,7107.512788293202
frc3045,281.2295778138524
frc6619,-472.15199837146287
frc8045,-1250.6128547356916
frc8840,2904.833940869812
frc4159,1691.9806841742509
frc9111,-471.93128136966095
frc4904,-1250.2367812765233
frc9143,2904.8816984538066
frc5430,3486.1474530461637
frc1700,3486.1604491285625
frc1771,5901.0670776264415
frc1414,7231.929692358847
frc5109,3486.1718990282566
frc1261,5267.53106331973
frc1746,6992.831562961226
frc5293,4677.115198129828
frc6829,5267.7300160565255
frc1795,-1250.1309960134297
frc8736,1692.507029820039
frc5651,-2059.454688520802
frc2415,2323.6094148812335
frc6925,281.74973201281216
frc8577,-471.2572563610481
frc7676,-1249.64831147752
frc8849,-471.0376880665825
frc9293,5267.350651317647
frc9057,-470.92545138427977
frc6905,-1249.0049673374124
frc133,9855.998545631572
frc58,7152.802067460579
frc172,6550.1976264059895
frc4546,1009.5615921238515
frc1729,7760.406864526283
frc97,1693.3871259962234
frc4311,1010.353246393392
frc3205,7759.029261074949
frc3323,2324.2034863065805
frc5563,1694.606130453503
frc5735,4082.0218858314556
frc4176,2909.119507613949
frc5459,5266.8072395699055
frc5347,-2058.8970241760057
frc5422,3487.982427712158
frc4905,4220.839279422851
frc3623,1011.1579854110216
frc5265,1695.0639743507368
frc7822,3488.3113324471747
frc3958,1011.9435947758722
frc6201,2326.304690846325
frc4169,1696.2774708837433
frc2084,1696.3958098054804
frc1761,-470.6826839863501
frc1721,284.34236917345555
frc9198,3488.3422524573334
frc8030,284.49478730329713
frc9297,-469.8838665523595
frc6894,5266.55786502512
frc6214,-469.7730195348239
frc6512,-2877.7056370068485
frc9296,-2058.711802308335
frc7270,-4535.343754072
frc7763,-1247.8748889551161
frc9032,-2877.4161396831496
frc7715,-2058.3092571261727
frc6240,-2058.2124561613277
frc8757,2327.3466385085985
frc4534,284.98869810724295
frc5607,5266.065329582073
frc1403,5905.413011203849
frc316,6636.286902474363
frc6897,5905.12148267409
frc2495,5269.919553457771
frc2554,-2876.926161236482
frc293,7757.2366678665385
frc1812,7755.861826483204
frc2191,-469.20900195140774
frc714,-469.09887524215037
frc8704,285.47874057277454
frc9015,2913.3800478293238
frc8075,1014.1730922733499
frc4652,1014.3602521369667
frc87,3489.007307883592
frc1089,6551.119105789697
frc8714,-468.6368557693923
frc5666,4685.940113217615
frc2016,286.6511997103988
frc5624,1697.966416980026
frc303,3489.0446488165703
frc1626,-468.18669866828304
frc8707,-1246.4670180009769
frc1257,1015.3477144337513
frc8130,-4535.263894897014
frc7587,287.40574115974414
frc3683,4712.011661171679
frc4907,5907.128117831987
frc5406,5906.546834137781
frc5024,5310.585123755743
frc4917,6551.549129983906
frc3756,287.55199032333843
frc8089,1015.9370887510212
frc5870,4687.074481856815
frc2708,4090.915310832212
frc6070,-467.27603188475234
frc8884,2915.4241713668257
frc4992,5907.088950084876
frc4617,2915.411325545135
frc9263,5272.295665236242
frc6854,4688.747215962541
frc7475,2331.0330177455203
frc6725,-467.1685320521016
frc6162,-2057.7964187471966
frc8789,2916.029786537326
frc1310,6551.453656951083
frc6978,7161.802659320257
frc6977,-1245.7101131051224
frc2706,5272.584553316388
frc5032,2332.153365994184
frc7136,5909.014045989269
frc4343,6552.5823020438465
frc2852,1700.3658920893329
frc6135,-466.949902656176
frc8574,288.64346918377
frc2198,-466.50360076306134
frc4308,3491.9524268817877
frc8729,4689.782150370478
frc5596,4093.7543299892486
frc4373,5273.8037911246465
frc5401,4691.419872729796
frc834,5910.232877911731
frc2722,5909.650854713896
frc321,5275.88300662621
frc4575,1016.9590794704399
frc1168,-1245.0632787090362
frc1712,7755.364859908765
frc203,3492.9080712898012
frc4342,7192.209353305731
frc486,6554.028685191628
frc9014,3492.8932567543347
frc9094,7163.275440932339
frc8771,1700.794648469704
frc9027,5910.863339890379
frc2720,7162.217248418016
frc1727,6565.199092874371
frc686,6555.910841421869
frc7770,5912.185342240538
frc2186,-2876.6337613009787
frc4472,7756.694339815419
frc4541,5911.59540033044
frc1719,1017.7324436964075
frc612,4692.599588618482
frc2421,5278.987577634349
frc339,1701.2151090857344
frc5115,3492.920980986577
frc5243,-466.2752353770367
frc8590,289.99891059636394
frc8726,7164.205550529669
frc6882,290.14060814547753
frc116,5278.458052240358
frc2988,-1244.6847533267637
frc1418,7163.1276536290825
frc3793,290.28311532968354
frc3748,1701.3370014942268
frc2849,1701.4452981260583
frc9072,1020.5680643907301
frc8197,-2056.937619389781
frc5804,4825.324789935834
frc1599,6648.734992568439
frc384,6631.585045879143
frc617,3492.926838170955
frc6189,290.8608940209803
frc1522,-464.6961775735214
frc1610,5913.553896143816
frc9214,-3722.2650719701396
frc2998,-464.59200976514865
frc7429,291.3414689090752
frc4286,-3722.2023538686844
frc2068,1020.9142194123931
frc1793,3492.9174489724214
frc5954,291.9029741712212
frc4464,-4534.7882178710715
frc539,1021.2919010099089
frc2890,292.4624662221388
frc2912,-5310.543563753198
frc3663,5912.967838734853
frc1983,5326.719622777837
frc2907,1702.516787742242
frc3588,292.6073291854595
frc4918,9085.815475491989
frc2557,7163.922369213498
frc8386,-2876.2190505615868
frc4579,292.7428061649156
frc5683,1022.669404226612
frc9023,2335.2050070875043
frc5937,293.29710939332296
frc4469,5913.12211060103
frc948,5915.372504056407
frc8303,293.43087979756245
frc1294,4099.463636768674
frc8896,-3721.8819221294816
frc3219,1703.7290853576667
frc3786,-462.09175524514035
frc2929,293.74613008871705
frc3393,-461.65104111799917
frc8302,-1243.3527078308691
frc2872,3493.7896647386274
frc870,6562.8016517072865
frc3171,5282.99650186989
frc5736,4100.091110616413
frc3950,2335.7883221200864
frc7539,4100.079078839837
frc333,4701.086476898348
frc1468,5136.9153421362325
frc4458,1024.0788050368124
frc4122,5235.1923895195305
frc8595,1704.936591487648
frc9016,1705.0356334778635
frc810,294.4879763226772
frc8267,-2056.526145465315
frc527,1025.6446438242506
frc2875,4101.218319407345
frc1155,-3721.620818419387
frc369,2337.001205933262
frc329,4101.197573160078
frc7673,295.0362560983279
frc7759,-1243.140924770439
frc2347,295.1680883928774
frc7004,-2875.8033113942993
frc496,-2056.126531865246
frc6423,-460.2867769230907
frc334,-2056.033380893613
frc2638,5853.017527632652
frc545,-1242.5521143996168
frc1546,-2875.3125378261348
frc2265,-2055.63352682055
frc6593,-1242.3479200289094
frc5659,-2055.3187910471397
frc28,3492.7928138170128
frc2869,4101.703043501467
frc2161,-2874.813919714672
frc3137,-2874.732846877175
frc8760,-2874.651706538957
frc2027,-2874.5704989748106
frc569,-3720.7674703905263
frc7497,-2874.4256124564836
frc5016,-459.9582565943806
frc6401,1026.2372233525064
frc6969,-1241.8677611905107
frc6947,1026.4007152598317
frc3944,1026.5636864998942
frc6352,4063.6511821647537
frc8848,1026.7350510467343
frc8021,-1241.7717891528632
frc1726,297.36199822892706
frc2375,2337.1780136643715
frc6127,-459.26905087020924
frc698,-2874.3406061067103
frc6656,297.66485292132654
frc5539,297.7911453969181
frc3577,297.9171258065588
frc7703,-458.14639150933056
frc2647,-1241.1166790329426
frc8012,-2874.2573804000567
frc6920,2927.89317431111
frc8334,1027.7296087646948
frc1977,298.63410188823764
frc2036,298.75854000565056
frc662,-457.2463122322875
frc9068,4696.255287854786
frc5493,-457.1590135865888
frc3807,-2053.967727896756
frc159,299.2322694908112
frc1799,2337.763785280566
frc2261,-1240.344031706708
frc1303,-1240.2499399506503
frc4388,299.3581299908905
frc5763,299.48150411211833
frc2594,-2053.4146666643837
frc2083,2928.4614703955262
frc7243,-2053.3272463662533
frc9112,1028.9092457674124
frc7479,-2053.2402497850308
frc7485,-455.797070648032
frc7737,-455.70635891167865
frc368,5279.512664639425
frc2853,4101.787684943906
frc2438,4707.824495989857
frc7632,2339.3616794039235
frc9012,3501.680826597662
frc8725,2930.1285768387593
frc3721,1710.6671405502013
frc8503,2930.0700810675935
frc2477,1710.7834986384426
frc6909,1102.4696728998802
frc7551,-1239.2770700800666
frc7724,1711.2152077386356
frc8806,1032.098563406838
frc2348,1032.251148860246
frc6704,-1239.1839250166663
frc2090,-2873.3210254588457
frc2441,1711.9444719953399
frc2445,4103.3997799173
frc9158,-2052.616789651712
frc9019,2930.0843154162085
frc8853,-2873.0387930607167
frc8615,-1238.977920690202
frc2896,-2872.9568404248994
frc7541,2930.0141322155314
frc9092,1037.5570750348534
frc2846,2929.943159676232
frc4646,3505.9153824264176
frc5935,1712.4626043535438
frc171,4708.2052099248485
frc8766,-455.24750747703706
frc4859,1712.5494013115738
frc1785,3505.8873089617473
frc8024,301.9759068491884
frc2957,302.09475696730885
frc6732,1712.6457927096121
frc8824,302.2221518763655
frc5275,-2872.876615572206
frc6419,1035.7046212421367
frc8770,-454.1232803080852
frc4674,-454.034634104263
frc8737,-1238.0558967087857
frc9061,-1237.9641455630133
frc5914,-453.7123166684691
frc8298,303.28553764685086
frc5041,-453.28220920215904
frc4021,1036.0657638807943
frc8821,-453.1889444033776
frc6455,-1237.052372662082
frc4260,-1236.9619488010148
frc8822,304.1689423774402
frc7309,-452.52646096471483
frc7531,-2051.1390735379064
frc8608,8308.705470801006
frc3302,-452.43815315162726
frc9177,-2051.0531967434003
frc7203,-1236.102643036747
frc1504,2931.971946887736
frc9215,5912.954510690194
frc4810,3506.4877463528073
frc7811,1713.418914423782
frc5067,-452.23243584504615
frc5256,-1235.7411122705905
frc7658,3506.424164255307
frc9238,1713.5069808632145
frc9278,2350.068590169378
frc6190,304.83660868021343
frc6113,1037.8415896410984
frc5231,-451.6836991575069
frc5509,-2050.511608504315
frc6090,6009.092821347603
frc107,4108.407842917974
frc9222,-1235.2655923163525
frc7248,305.5388957425494
frc6114,1714.688863629782
frc4395,1038.7908659759453
frc9206,2350.593990486218
frc1986,5904.667190118339
frc5809,4107.110882695492
frc4455,2350.6462715190996
frc1810,2350.6957398374543
frc4480,1717.3997407281954
frc5918,2351.2018950795527
frc6817,400.8260736122747
frc31,-451.0067128175461
frc5968,307.43235893414743
frc7577,1040.0167571800268
frc7669,-2050.20027489802
frc4401,-4534.048331298625
frc8748,-450.5776539464632
frc6199,-3719.452741556297
frc3522,-4533.773374635428
frc6605,-1234.513134924685
frc9120,4709.028255758916
frc9134,4709.038366830085
frc7687,-2871.9035916236394
frc9301,-5310.000580292389
frc7161,-3719.108268529166
frc7037,-3719.049031358293
frc6896,-4533.24102238148
frc8558,-1234.4257252756818
frc7653,-2871.6925840629087
frc7018,3476.2037282111487
frc9103,-4533.130308624967
frc8290,-5309.355184076771
frc6483,-3718.5906257064994
frc8266,-4532.808317974682
frc8105,-3718.436048750995
frc6652,2351.1344483066937
frc6200,-4532.531528554511
frc7040,-3718.287020529924
frc3419,2351.180481551018
frc2601,2351.223727359079
frc6911,1040.0731526054428
frc5298,-2049.521099836696
frc353,4708.680500512557
frc871,1721.2169516559718
frc1796,4110.708641303471
frc263,1040.8046584960741
frc564,1040.938753807326
frc3624,1721.9390633172945
frc3204,-450.3645295277937
frc4571,5908.734435696492
frc1554,309.4586110839155
frc8739,4110.626126055882
frc601,309.5641335230242
frc7717,-1234.0180852770466
frc358,-449.48690446791824
frc5099,-3718.226396995701
frc2487,-1233.6590912928214
frc9184,-2871.167497394971
frc1880,309.85115254739384
frc1803,-2048.8981316621316
frc5599,-2870.886659351117
frc287,2352.223007494787
frc884,-3717.8390600621337
frc514,-4531.859325099134
frc4567,-4531.785872583399
frc6636,-3717.4099781226664
frc4678,7759.320349947106
frc2609,4711.289951874761
frc7722,4111.570295490975
frc8081,4111.487906243291
frc5912,1722.796414338842
frc772,5905.073403185346
frc7623,1042.9136821954114
frc5408,-448.9416468085596
frc7022,4710.925235338231
frc7509,-2048.733194303782
frc8764,7165.316565692324
frc8765,310.5547922672052
frc9062,1806.9688684495754
frc7058,-2048.6542486712533
frc6875,2353.8610921576774
frc6992,-3717.5249436001072
frc7520,-448.51979738276845
frc4940,1043.5792310562376
frc4748,-1232.6835559326496
frc5261,5289.70295372742
frc7691,1043.7084502383175
frc8392,-1232.597875388661
frc7312,4112.680656690241
frc5070,-1232.5122728235167
frc5908,-3717.465680063052
frc8144,-2870.1380944768935
frc9137,-448.0706316484898
frc6381,4712.504500233177
frc8847,5754.808731021761
frc7915,-1232.1546286582118
frc8531,1726.8498223209524
frc7900,3512.185162599046
frc2194,5905.438234824843
frc8701,1044.4260611765706
frc1306,1727.231022067731
frc5096,312.28029841332875
frc3596,312.3813605064347
frc1091,312.4823427574552
frc6643,-1232.0588410556525
frc6223,1045.7765333610075
frc254,6567.890545947534
frc766,1045.901525310542
frc2489,3489.0158075765307
frc7667,-446.7228698864064
frc3257,1727.9570342028067
frc2204,313.59565550715956
frc1458,2945.020862852058
frc1280,2356.4582538173363
frc5458,5908.233364224323
frc5728,313.69480058372477
frc6981,1047.054650784306
frc6941,314.2030871777749
frc2141,-1231.6922626170413
frc2035,314.30244939260314
frc8091,-445.16193721852807
frc7528,314.5831018414162
frc199,1729.169950054344
frc1662,1048.4001977146545
frc7401,1048.5207384932082
frc2367,315.5041047458924
frc253,-444.3941719528103
frc751,2356.9745488076305
frc3482,1048.8704024451613
frc4643,-444.31299382985696
frc7686,-2047.1130692602617
frc6417,3512.4038721253105
frc5474,1048.9932435644123
frc4419,4568.538991773737
frc3749,4117.085017074934
frc7589,-1230.6699301186902
frc5993,2357.256968674351
frc1972,-444.1101845826628
frc2658,2357.285767370636
frc6515,-444.03397246455756
frc3704,-443.9576275073085
frc3341,317.17114312420955
frc8119,-1229.768650103891
frc8870,-1229.6865392744796
frc6885,-2869.84284801989
frc2984,-443.301358371164
frc2827,-1229.332368232541
frc8537,-2869.763468112929
frc3965,-1229.2498552420147
frc4919,-1229.167940113594
frc8788,1049.3682870544926
frc2556,1049.4884361798056
frc4707,-442.85529832281753
frc5276,3513.4866360586907
frc4179,-442.7797653084469
frc9135,4117.545627222419
frc3164,-2045.480575609659
frc6107,1733.5913692847807
frc2973,2357.8438801121683
frc9313,1050.2069073435011
frc8775,319.22265715456444
frc8778,-442.3615042639765
frc6184,-442.28635855238986
frc9300,-2869.4796077307506
frc5722,-1227.882440502446
frc447,4711.256906935246
frc4485,5294.822019966803
frc7198,1734.758445305212
frc1757,4856.366428205602
frc8567,9439.21432405868
frc190,2949.863654795942
frc1250,4118.999661025265
frc818,6567.906905142914
frc1188,2950.4303601447077
frc2851,2950.2565326887325
frc9212,-1227.7978926824562
frc6089,1051.1223241265732
frc9205,320.10131129581157
frc6152,5295.500531409744
frc9252,320.1899560365563
frc7716,320.2786112669023
frc8364,1051.8843770833028
frc5214,-440.953902890993
frc4758,-3716.7411334501
frc5619,-440.8807450599803
frc5239,1052.0054388912881
frc8826,-2044.8490642629492
frc8115,1052.1214963355171
frc6566,1736.2059608837626
frc8623,1052.810275688771
frc5225,322.39211704163347
frc3082,2950.0839908300854
frc2143,4118.990866870654
frc3130,4118.8561370499065
frc3751,2950.008375542485
frc6749,2949.842532784367
frc2450,-2044.7761873007184
frc6166,2364.9937626394385
frc3848,2364.986523135561
frc3723,1738.2616304090227
frc6709,322.4858167382332
frc6324,8308.499409540751
frc9101,6567.103239212832
frc4034,-1226.9268689774271
frc5457,-439.9956775609664
frc8630,1053.9666174792783
frc1647,323.1693264250888
frc204,-439.5823386237059
frc4750,-2044.4692018139388
frc6921,5294.949524585588
frc8721,-1226.18542710778
frc9100,-1226.1072602751913
frc4285,4718.99078584337
frc6943,1054.2978442366284
frc8588,-439.26100166396066
frc3340,1738.9542983801591
frc1989,1738.9774591493713
frc8706,-2043.9357649560432
frc1374,3521.750016852016
frc1334,6566.3904365060425
frc6865,4075.951079744387
frc3560,-439.18778263329926
frc6110,1055.5685068922958
frc7285,3961.2017037071273
frc9124,1055.7077091095712
frc7576,-2043.8622899953523
frc6014,-4530.915557227142
frc8079,-3716.580015160406
frc6436,-439.1032480526722
frc9077,-3716.5216009320834
frc5655,-2868.1569520879734
frc6940,-1224.9812832451648
frc6353,-6069.210918077817
frc8796,-3716.300370770999
frc6459,-3716.241860672018
frc7748,2361.6512067450585
frc8862,-4530.025268313779
frc8173,-3716.0581964318917
frc6415,-6068.780986619588
frc9232,-4529.756059681848
frc6024,3523.1053188842047
frc8159,2953.7303167425757
frc8500,-2867.9014911165186
frc8798,-2867.8257169167737
frc9247,-3715.558974246923
frc9231,-6068.378345176235
frc8015,886.1733282412137
frc2905,3524.7185845611375
frc6989,4719.446706816365
frc9265,-5307.484842264983
frc9026,-2043.5631215147573
frc9029,-4529.380539136404
frc8240,-4529.3099099398205
frc7466,-4529.239008417747
frc8146,-4529.167835861496
frc7742,-4529.096393556374
frc8263,-4529.024682781434
frc6430,-6067.941928027491
frc8800,-6067.526132971219
frc9185,-4528.952645335794
frc8863,-5306.128790350066
frc7729,-6067.103218680818
frc6025,-6066.675957749645
frc6431,-1504.254849872876
frc9095,-5305.781037670169
frc8754,-5305.573184440089
frc8264,-1227.6007684189515
frc7292,-6066.255404438213
frc7683,-6065.8394536914775
frc9089,-4528.681274435057
frc8209,-6065.423404383442
frc5827,7167.851369460144
frc8051,-439.73253792142657
frc3070,6566.934587064045
frc4180,-2043.134335659434
frc8032,1053.1667214435597
frc8832,-439.6535915944708
frc6057,326.1023219296469
frc4384,326.1718346910759
frc7813,-1226.8604709526783
frc6838,5295.799009855502
frc6985,-2867.506064050778
frc7444,5295.476491937771
frc9233,-2867.429636294275
frc9024,-3714.43809720057
frc7758,-5305.189594018455
frc8743,-3714.3802369593263
frc9001,-3714.3226441781294
frc8084,-5304.978648186738
frc9132,-5304.770269352523
frc7201,-3714.2640076993694
frc7086,-3714.206132535026
frc7035,-4527.473221030706
frc7672,-4527.402692577556
frc8780,-4527.331891332199
frc6228,-4527.260818607169
frc8759,-4527.189475707558
frc9264,-3713.6793948295003
frc8261,-5303.751828554769
frc9025,-5303.5451922558195
frc8182,-5303.338196308761
frc8092,-5303.130839842825
frc9093,-4526.7251060625
frc7439,-4526.6539180393365
frc6232,-4526.582460594049
frc8859,-4526.510735021796
frc8151,-2042.6655330357733
frc8747,-4526.438730289937
frc8856,-6064.947012990123
frc7296,-6064.53049221698
frc8070,-6064.11396243544
frc9074,-6063.697423636259
frc8308,-5302.107345184002
frc8058,-5301.901655772669
frc5773,-6063.267260596976
frc8795,-5301.691617443091
frc8158,-5301.485173515218
frc8783,-5301.278353868971
frc3669,1053.7276354996156
frc8888,4721.672582397386
frc2404,2954.6547301453356
frc981,1741.4238904096453
frc8060,326.6720133663417
frc4255,4721.253924759516
frc6814,1054.6218708536894
frc2643,1741.7642748112714
frc6059,2369.4789004102754
frc4171,-438.4509644504162
frc852,2955.2073750408695
frc5171,3526.1844197629625
frc6884,1742.6177122231006
frc6665,2371.03130533241
frc6998,4720.8522323365205
frc5027,2370.998177881815
frc7413,-1226.3861032177667
frc8814,2957.543127334492
frc8011,2957.343903588759
frc1566,2373.044942662802
frc5480,327.36700521271365
frc2130,327.4350198208456
frc8550,1745.1245824874502
frc9243,327.51179331724126
frc3006,-1226.2945267310827
frc9314,-1226.2129133281842
frc8551,-1226.1311970300853
frc8839,-1226.0493781359817
frc5871,-2866.7350980240926
frc8756,-3712.989978499618
frc3562,-4525.925371587314
frc5863,3527.6283369186986
frc6068,1745.1360391773676
frc8118,1745.1430815820231
frc9240,1745.1511231096115
frc3606,-436.78231432015093
frc5971,-436.71376585573876
frc7288,-436.6450417900164
frc5965,1058.8613295166476
frc1818,1745.488332821916
frc9309,328.60167725002043
frc9153,1059.705838799771
frc7661,-1225.1682024471063
frc5785,-2866.591058913828
frc7850,1059.8582180097644
frc2181,1059.9592546432623
frc4664,1060.0604871671908
frc5434,4707.952083164033
frc4549,330.3504967336125
frc8234,330.4136929238484
frc3206,2375.569341722978
frc7258,7165.610442668522
frc3007,-2041.0052922102177
frc8787,-2040.947594906684
frc2518,-1224.8300255960994
frc4277,-435.30026165429575
frc7019,-2866.1052971061313
frc2855,-435.2333868688397
frc7849,-2040.5659873433756
frc3871,-435.1653108960572
frc5996,-2040.5062735545691
frc2207,-1223.7138905930938
frc4215,-1223.634848910756
frc3454,-3712.5087568690906
frc2606,-2039.9853283505681
frc3610,-2039.9287225931848
frc3407,-2039.8720676746768
frc2549,-3712.4478993081284
frc2500,-3712.3910382161175
frc2879,-2039.8144320625295
frc3202,-3712.3326184947214
frc2498,-1223.0818353469815
frc9157,-2864.5295339578493
frc4225,-2864.4567848495853
frc4632,-2864.3839427662783
frc2513,-4525.0788008372165
frc3038,-3711.6949373891716
frc5278,-2039.26264120676
frc3018,-3711.63713298566
frc2515,-3711.5805406703844
frc3278,-4524.4316038456
frc2225,-5300.582932877724
frc1825,4124.628545285299
frc9316,4124.455798046176
frc1802,5893.449464834265
frc2345,2375.52320724182
frc7064,331.0517154330315
frc937,-1222.87928262397
frc1984,331.1163193876081
frc2001,-1222.7971114157701
frc6843,-2038.744988856294
frc3172,331.18123630845696
frc3009,331.24497574946616
frc7183,2375.475678859766
frc8717,1140.8606770655456
frc9287,4720.982314692228
frc9002,1749.553862267976
frc5429,1749.5486229269277
frc7423,1749.5445222290311
frc8387,3529.537615247665
frc6519,1064.4613586436005
frc7077,-433.14202655301983
frc9151,1064.5565985841383
frc8022,-2038.6870714550118
frc7425,332.54701787390024
frc6825,332.6085189254439
frc5049,332.6703278572527
frc6824,-1222.1999082521738
frc988,-2038.4017781087734
frc7422,-431.9377007670487
frc8720,-431.8756982867952
frc9018,-2863.28288498953
frc7654,-2863.2113348867583
frc7522,2377.0823869402666
frc7718,-431.81346732654185
frc7504,3529.3678949059968
frc4860,1065.3470989880532
frc7318,1751.3533872472494
frc5881,333.72941253488324
frc9099,-431.40991320226715
frc5149,333.98049161321626
frc6648,-2038.1582877595888
frc7030,-431.0113357445849
frc7031,-1220.5441424986618
frc6181,3529.172874787259
frc8222,2377.619464861886
frc8713,-430.8274594231338
frc9075,4677.245532254025
frc3777,1066.4842772119916
frc8243,1752.5305299511463
frc8037,334.8448549378295
frc2632,-430.4260786051372
frc8718,335.0941271414437
frc9194,-2037.8678146945265
frc1308,-1219.8075298785243
frc291,-1219.73270658518
frc2010,-1219.657755522507
frc7885,-429.66126071426424
frc6916,-2862.7217739806424
frc8140,1752.5296101491824
frc8145,335.35660440908396
frc4688,8307.019471583524
frc2634,5914.752411488182
frc3996,5910.727435377697
frc5439,335.4165134395347
frc7605,335.47658886477495
frc4955,335.536981020492
frc9102,335.597688788946
frc5910,335.65871104867057
frc6929,1069.5213927355387
frc5553,2823.048756279524
frc9076,2350.024202172355
frc5618,4078.2360796352273
frc8152,-1219.3222344505602
frc8067,-2036.7743108316647
frc8132,-2036.7209648401276
frc6907,-1219.008855964823
frc4594,-1218.9342264595932
frc9220,-1218.8594678678476
frc2626,-2862.0638884819496
frc3986,-2035.8886413237933
frc4952,-2035.8364283213787
frc4947,-3710.666006473224
frc3386,-2035.7836662110426
frc3544,-2861.307773562558
frc6622,-2861.2381192269336
frc6869,-2861.16836273677
frc3985,-2035.4628731471423
frc3975,-1218.3061313979483
frc5443,-1218.231586355883
frc4957,-4524.012331162159
frc9234,-2860.8891274893444
frc8790,-2860.819505227524
frc296,-2860.749780999151
frc6872,-4523.938812206366
frc9268,-2860.679388769604
frc6540,-2860.6094609031325
frc7700,-4523.866474466626
frc8585,-4523.796764853444
frc7471,-3708.9256825341126
frc5440,-3708.872347386058
frc3532,-4523.343531140675
frc1466,4838.87896213659
frc4576,1753.2238471737853
frc4462,1753.2052085108285
frc8214,1753.187876613529
frc7072,4001.577473810834
frc6517,1072.5601813003088
frc4306,-427.051611549837
frc4630,1753.520165909408
frc2856,336.5046978270949
frc5744,-1217.8842768269565
frc3821,-426.53372941361124
frc3966,-426.47952787641754
frc5005,336.95012410924113
frc9152,4114.40004757002
frc6302,-2034.2685173161362
frc7516,-1217.130328912934
frc8512,1072.1037248070609
frc7750,-1217.056774654021
frc8325,-425.82979806492625
frc6682,-2860.191503821874
frc5903,2962.89517192877
frc4174,4126.195528444321
frc5019,2962.7042998793145
frc8782,2382.664655047743
frc4054,1754.7134105620707
frc2977,1754.694857736
frc9149,-425.77585674037675
frc3090,-2860.121785262778
frc7760,1073.3736881008797
frc9056,338.2353424287822
frc7795,-425.3793335339861
frc6016,338.48414772258553
frc6429,4719.540248217104
frc7536,-424.98745649435614
frc5665,6382.036847452268
frc5883,4708.7363586981855
frc8042,-3708.3960982795206
frc8054,-2033.56876819662
frc8561,-3708.341703477121
frc6948,-5299.4465640166545
frc8166,-2033.5184941357595
frc8828,-3708.286689096985
frc9021,-2033.4681312191997
frc9142,-2033.4181526393916
frc9221,-5299.236378973532
frc7682,-3708.230120047577
frc6988,-5299.025787371946
frc6064,-3708.1761129205925
frc6874,-5298.814752913228
frc8557,-5298.604738163195
frc9041,-3708.1214900641285
frc9043,-5298.39281901689
frc4972,-3708.0671200093557
frc9028,-3708.0130023119727
frc7458,-2033.365720817117
frc8762,-5298.179001486466
frc8881,-5297.967640703438
frc8220,-5297.75583378715
frc8153,-5297.543581510201
frc9160,-5297.330884711709
frc9083,-3707.955180417394
frc7840,-4521.617401727726
frc8056,-3707.80568256354
frc4191,-5296.940937970886
frc7298,-5296.727898743567
frc9187,-5296.51440983798
frc9155,-5296.3004725611245
frc9070,-3707.7494172096194
frc9020,-3707.694680914272
frc7575,-5296.083265096214
frc8799,-5295.868433575434
frc9201,-5295.653157741219
frc2966,-2033.3136727640263
frc2906,1073.9274242340255
frc8772,2963.1797519603433
frc8624,1074.0017298830394
frc3843,1074.0758513541336
frc547,1756.1648785302516
frc8773,340.1084522606018
frc4990,1756.1511488056403
frc4973,340.17104809370534
frc7709,340.2255532532407
frc9126,1075.9965996725525
frc8805,-423.89071184011385
frc2344,1756.4853764113072
frc3017,1076.6527907403856
frc8570,1076.7215301651095
frc5123,334.72327422054985
frc335,341.679558814578
frc1601,-1214.8549071058458
frc354,-2033.0305729115478
frc7272,-422.9830986682058
frc9052,1077.2477253964216
frc9030,1606.7911556646563
frc6590,-423.0233189124586
frc4012,-422.9733442863968
frc8346,-422.9231071029635
frc743,-2032.9483932376975
frc5421,-2857.444346454016
frc9295,-1213.415054143051
frc6880,-1213.346153920956
frc7036,-422.6162532883779
frc640,-2032.3495986218436
frc3760,-2032.30012800086
frc3004,-3707.239060487977
frc7668,-2856.8927529534676
frc5806,-2856.82588414147
frc426,-2856.7588876443297
frc7730,-3706.6974390766304
frc2895,-4519.321294584967
frc8191,2386.4673990559018
frc8086,342.9387693773256
frc3163,1078.0400049493603
frc3507,343.3990577478429
frc8752,343.4482974078909
frc8064,-1212.7550912179897
frc7744,-2031.748363562276
frc9244,2358.246369916511
frc8136,-2856.398965948136
frc4991,5304.997794536737
frc117,2964.439649239398
frc8705,4128.349068578027
frc9004,343.48541651148605
frc7274,1078.762300053212
frc9022,2937.759673328626
frc3954,1078.825506331171
frc2656,4680.119295041988
frc4050,344.3941314352307
frc7570,-420.71771929467695
frc9139,1757.7977925849207
frc8861,344.6468235881426
