Team Number,Event 1,Event 2,Event 3,Event 4,Event 5,Event 6,Event 7
1,2024miket,2024mitry
4,2024caph,2024caoc
8,2024cave,2024azgl
11,2024njfla,2024njwas
16,2024arli,2024ilch
20,2024nysu,2024nytr
21,2024flta,2024flor
25,2024pahat,2024njall
27,2024miket,2024nyro,2024mitry,2024cmptx
28,2024nyli2,2024nyny
31,2024oktu,2024okok
33,2024miket,2024miliv
34,2024mslr,2024alhu
41,2024njfla,2024njwas
45,2024inmis,2024incol
48,2024nysu,2024ohcl,2024ohmv
51,2024mibel,2024miliv
56,2024njfla,2024njwas
58,2024nhgrs,2024melew
59,2024flwp,2024flor,2024okok
60,2024azva,2024nvlv
61,2024mabri,2024mawne
66,2024mibel,2024miliv
67,2024mimil,2024miann
68,2024mike2,2024mitry
69,2024mabri,2024mawor
70,2024miket,2024milan
71,2024inmis,2024incol
74,2024misjo,2024miwmi
75,2024njfla,2024njwas
78,2024mabri,2024mabos
79,2024flta,2024flor
85,2024mimus,2024miwmi
86,2024flta,2024flor
87,2024njtab,2024paben
88,2024mabri,2024marea
93,2024mndu,2024wimi
94,2024mibel,2024milan
95,2024nhgrs,2024rikin
97,2024cthar,2024rikin
100,2024casj,2024camb
102,2024njski,2024njwas
103,2024njall,2024paben
107,2024mitvc,2024miwmi
108,2024flwp,2024flta
111,2024ilpe,2024ilch
112,2024ilpe,2024ilch
114,2024casf,2024idbo
115,2024cave,2024camb
116,2024mdsev,2024vafal
117,2024paca
118,2024txkat,2024oktu,2024flta,2024txhou,2024txcle,2024cmptx
120,2024ohcl
122,2024vapor,2024vafal
123,2024midtr,2024midet
125,2024mabri,2024melew,2024mabos
126,2024nhgrs,2024rikin
128,2024ohmv
131,2024nhgrs,2024mabos
133,2024melew,2024nhdur
135,2024inmis,2024inpla
138,2024nhgrs,2024marea
141,2024flwp,2024milsu,2024miwmi
144,2024paca,2024ilpe,2024ohmv
148,2024txpla,2024txdal
151,2024marea,2024mawor
155,2024ctwat,2024mawne
157,2024nhgrs,2024rikin
159,2024code
166,2024melew,2024nhdur
167,2024mose,2024iacf
171,2024ilpe,2024wila
172,2024melew,2024nhdur
173,2024cthar,2024mawne
175,2024cthar,2024rikin
176,2024ctwat,2024mawne
177,2024cthar,2024mawne
178,2024ctwat,2024mawne
179,2024flwp,2024flor
180,2024flwp,2024flta,2024flor
181,2024cthar,2024rikin
188,2024onsca,2024onosh
190,2024rikin,2024mabos,2024mawor
191,2024nyro,2024ilch
192,2024casj,2024idbo
193,2024njfla,2024njwas
195,2024ctwat,2024mawne
199,2024cada,2024cabe
201,2024mimil,2024mitry
203,2024njtab,2024paben
204,2024njtab,2024paphi
216,2024bcvi,2024onbar,2024miwmi,2024miken
217,2024mibel,2024mitry
219,2024njfla,2024njwas
222,2024njfla,2024njski
223,2024njfla,2024njski
226,2024mibel,2024mitry
228,2024cthar,2024ctwat,2024mawne
229,2024nyro,2024nytr
230,2024ctwat,2024mawne
231,2024txkat,2024txcle
233,2024flta,2024flor
234,2024inpla,2024ineva
236,2024cthar,2024mawne
237,2024ctwat,2024mawor
238,2024nhgrs,2024mabos
240,2024mibel,2024miliv
244,2024bcvi,2024onbar,2024miwmi,2024miken
245,2024miket,2024mitry
246,2024mabri,2024mabos
247,2024mibro,2024mitry
250,2024nysu,2024nytr
253,2024casj,2024camb
254,2024cada,2024cabe
263,2024nysu,2024nyli2
271,2024nyro,2024nyli2
272,2024njtab,2024paben
280,2024mibro,2024miliv
281,2024scand,2024sccha
287,2024nysu,2024nyli2
288,2024bcvi,2024onbar,2024miwmi,2024miken
291,2024ohcl
292,2024incol,2024inpla
293,2024njall,2024njski
294,2024azgl,2024caav
296,2024qcmo,2024nytr
302,2024miber,2024miann
303,2024pahat,2024njwas
308,2024mimil,2024mitry
314,2024mike2,2024mitr2
316,2024njtab,2024paben
319,2024mabri,2024mawne
321,2024njtab,2024paben,2024cmptx
323,2024arli
324,2024txsan,2024txcle
325,2024ilpe,2024ohmv
328,2024inmis,2024inpla
329,2024nyli2
333,2024nytr,2024nyny
334,2024nyro,2024nyny
335,2024nyny
339,2024vaash,2024vafal
340,2024paca,2024nyro
341,2024pahat,2024paphi
342,2024scand,2024sccha
343,2024scand,2024sccha
346,2024vapor,2024vagle
348,2024flwp,2024marea,2024mawor
353,2024nysu,2024nyli2
354,2024nysu,2024nyny
358,2024nysu,2024nyli2
359,2024bcvi,2024casd,2024ilch,2024hiho,2024cmptx
360,2024wasno,2024wasam
364,2024mslr,2024lake
365,2024njtab,2024paphi
368,2024cala,2024hiho
369,2024nysu,2024nyny
378,2024nyro
379,2024ohcl
386,2024flta,2024flor
395,2024nysu
399,2024cave,2024idbo,2024caav
401,2024vabla,2024vafal
404,2024vapor,2024vagle
418,2024txbel,2024txfor
422,2024vaash,2024vapor
423,2024pahat,2024paphi
424,2024nyro,2024ohmv
427,2024pahat,2024paben
428,2024njfla,2024njwas
433,2024pahat,2024njski
435,2024ncwak,2024ncash
447,2024incol,2024inpla
449,2024vabla,2024mdowi
451,2024ohcl,2024ohmv
453,2024mimcc
456,2024mslr,2024lake
457,2024txsan,2024txama
461,2024inmis,2024inpla
467,2024mabri,2024mawne
469,2024mibel,2024mitry
484,2024njtab,2024paben
486,2024njtab,2024paben
488,2024waahs,2024wasam
492,2024wayak,2024wasam
494,2024mike2
496,2024nyli2
498,2024caph,2024azva,2024azgl
501,2024marea,2024nhdur
503,2024mimil,2024mimus,2024cmptx
509,2024marea,2024mabos
514,2024nyli2
525,2024iacf,2024wila
527,2024nyli2
533,2024nyro,2024nyli2
537,2024wimi,2024wila
538,2024tnkn,2024alhu
539,2024vaash,2024vafal
540,2024vaash,2024vagle
545,2024nyli2
547,2024alhu
548,2024mimil,2024miliv
554,2024ohmv
555,2024njall,2024njwas
558,2024ctwat,2024mawne
564,2024nyro,2024nyli2
568,2024code
569,2024nyli2
571,2024cthar,2024mawne
573,2024miber,2024mitry
578,2024paca,2024nyro
581,2024casj,2024cabe
587,2024ncwak,2024ncash
589,2024cave,2024caoc
590,2024mslr
597,2024cala,2024nvlv,2024cmptx
599,2024cala,2024caav
601,2024nyli2
604,2024casj,2024camb
610,2024onnew,2024onham
611,2024vapor,2024vafal
612,2024vaash,2024vafal
614,2024mdsev,2024mdowi
617,2024vaash,2024vagle
619,2024vapor,2024vafal
620,2024vaash,2024vafal
623,2024vapor,2024vafal
624,2024txkat,2024txsan
639,2024nyro,2024nytr
640,2024nyny
648,2024iacf,2024ilch
649,2024casf,2024cabe
662,2024oktu,2024code
663,2024rikin,2024nhdur
668,2024casj,2024camb
670,2024casj,2024azgl
677,2024paca,2024ohmv
686,2024mdsev,2024mdowi
687,2024cave,2024nvlv
691,2024cave,2024caav
694,2024flwp,2024nyro,2024nyny
695,2024paca,2024ohcl
696,2024cave
698,2024azva,2024azgl
701,2024cada,2024nvlv
702,2024cala
706,2024wimi,2024wila
708,2024pahat,2024njski
709,2024pahat,2024paphi
714,2024njtab,2024njwas
716,2024ctwat,2024mabos
743,2024nyny
744,2024flwp,2024flor
749,2024orore,2024orsal
751,2024cada,2024cabe
752,2024njfla,2024paphi
753,2024orsal,2024orwil
766,2024cafr,2024cabe
771,2024onnew,2024onham
772,2024onwat,2024onwin
781,2024onosh,2024onnob
801,2024tnkn,2024flor
806,2024flwp,2024nyli2,2024ilch,2024nyny
810,2024nysu,2024nyli2
811,2024nhgrs,2024marea
812,2024casd,2024caoc
815,2024mibro,2024midtr
816,2024pahat,2024paphi
818,2024mitry,2024mimcc
829,2024inmis,2024inpla
830,2024mibel,2024milan
832,2024gadal,2024gacar
834,2024njall,2024njwas
836,2024vaash,2024mdowi
839,2024ctwat,2024mawne
840,2024casf,2024cafr
841,2024casf,2024cabe
846,2024casf,2024idbo
847,2024orore,2024orsal
852,2024casf,2024camb
854,2024onsca,2024ontor
857,2024miesc,2024milsu
858,2024mibat,2024miken
862,2024miann,2024midet
865,2024onnew,2024onnob
867,2024caoc
868,2024inpla,2024ineva
870,2024nyro,2024nyli2
871,2024nyli2
876,2024ndgf,2024mnmi2
877,2024ndgf
884,2024nyli2
888,2024mdsev,2024mdowi
894,2024miket
900,2024ncwak,2024ncash
904,2024mitvc,2024mimtp
910,2024mimus,2024mitry
930,2024mndu,2024wimi,2024mosl,2024ilch
931,2024mosl
935,2024ksla,2024okok
937,2024ksla,2024mokc
948,2024wasno,2024wasam
949,2024wasno,2024wasam
955,2024orore,2024orsal
957,2024orsal,2024orwil
967,2024iacf,2024wila
968,2024cala,2024caav
971,2024casf,2024camb
972,2024cafr,2024cabe
973,2024caph,2024casd
977,2024vabla,2024vagle
980,2024caph,2024cala
987,2024casj,2024nvlv,2024cmptx
988,2024nvlv
991,2024azva,2024nvlv
997,2024orsal,2024orwil
999,2024ctwat,2024mawne
1002,2024gagwi,2024gacar
1011,2024code
1014,2024ohmv
1018,2024incol,2024inpla
1023,2024mibkn
1024,2024inmis,2024incol
1025,2024mibro,2024mimus
1027,2024mawne,2024mawor
1038,2024arli,2024ohmv
1051,2024scand,2024sccha
1056,2024flta,2024flor
1058,2024nhgrs,2024rikin
1071,2024cthar,2024rikin
1072,2024cada,2024camb
1073,2024marea,2024mabos
1076,2024mibkn,2024miann
1086,2024vabla,2024vagle
1089,2024pahat,2024njski
1091,2024wimi,2024wila
1099,2024ctwat,2024mawne
1100,2024melew,2024mawor
1102,2024gadal,2024sccha
1108,2024code,2024mokc
1111,2024mdsev,2024mdowi
1114,2024onnew,2024onham,2024cmptx
1119,2024mabri,2024marea
1126,2024paca,2024nyro
1138,2024cave,2024code
1143,2024pahat,2024njski
1148,2024cala,2024caav
1153,2024mabri,2024marea
1155,2024nysu,2024nyny
1156,2024brbr,2024iacf,2024cmptx
1159,2024cala,2024caoc
1160,2024cala,2024cabe
1164,2024txwac,2024txama
1165,2024caph,2024azva,2024azgl
1168,2024pahat,2024paphi
1178,2024mosl
1188,2024mibel,2024mitry
1189,2024mibro,2024mimcc
1197,2024caph,2024cala
1208,2024mose,2024mosl
1209,2024oktu,2024okok
1212,2024azgl
1218,2024njfla,2024paphi
1225,2024ncash,2024ncmec
1241,2024onosh,2024onham
1246,2024ontor,2024onwin
1247,2024nhgrs,2024nhdur
1250,2024mibel,2024miliv
1255,2024txkat,2024txhou
1257,2024njtab,2024njski
1259,2024wimi,2024wila
1261,2024gagwi,2024gaalb
1262,2024vabla,2024vagle
1266,2024caph,2024casd
1277,2024nhgrs,2024marea
1279,2024njfla,2024njwas
1280,2024cafr,2024camb
1285,2024onosh,2024onham
1287,2024scand,2024sccha
1288,2024mosl
1293,2024scand,2024sccha
1294,2024waahs,2024wasam
1296,2024txpla,2024txdal
1303,2024code
1305,2024onnew,2024onnob
1306,2024wimi,2024wila
1307,2024nhgrs,2024marea
1308,2024ohcl,2024ohmv
1310,2024onsca,2024onnob
1317,2024ohmv
1318,2024wasno,2024wayak,2024wasam
1319,2024scand,2024sccha
1322,2024miesc,2024milan
1323,2024cafr,2024camb,2024cmptx
1325,2024onsca,2024onbar,2024onham
1329,2024mosl
1332,2024caoc
1334,2024onnob,2024onham
1339,2024utwv,2024code
1350,2024rikin,2024nhdur
1351,2024casj,2024cafr
1359,2024orore,2024orsal
1360,2024onosh,2024onwat
1369,2024flor
1388,2024cave,2024nvlv
1389,2024mdsev,2024mdowi
1391,2024pahat,2024paphi
1403,2024pahat,2024njski
1405,2024nyro,2024ohcl
1410,2024utwv,2024code
1414,2024gagwi,2024gaalb
1418,2024mdsev,2024vafal
1421,2024mslr,2024lake
1422,2024cafr
1425,2024waahs,2024orwil
1446,2024mdsev
1450,2024nyro
1452,2024bcvi,2024cala
1458,2024casf,2024cabe
1466,2024tnkn,2024mslr,2024alhu
1468,2024nyro,2024nyli2
1474,2024marea,2024nhdur
1477,2024txwac,2024txsan
1481,2024mibel,2024mimtp
1493,2024nytr
1501,2024inmis,2024inpla
1502,2024miann,2024mimtp
1504,2024miket,2024milan
1506,2024miket
1507,2024nyro,2024ohmv
1511,2024nyro,2024nytr
1512,2024nhgrs,2024nhdur
1515,2024cala,2024caav
1518,2024nyro
1522,2024vaash,2024vagle
1523,2024flwp,2024flor
1528,2024mibat,2024mibel
1533,2024ncpem,2024ncmec
1538,2024casd,2024caav,2024cmptx
1539,2024scand,2024sccha
1540,2024orore,2024orsal,2024orwil
1546,2024nyli2
1554,2024nyli2
1555,2024inmis,2024incol
1557,2024flor
1559,2024paca,2024nyro
1561,2024oktu,2024okok
1566,2024idbo
1569,2024utwv,2024idbo
1572,2024caph,2024casd
1574,2024isde1
1576,2024isde1
1577,2024isde1
1580,2024isde1
1585,2024nyro
1591,2024nyro,2024nytr
1592,2024tnkn,2024flor
1595,2024wayak,2024wasam
1596,2024miesc,2024milsu
1599,2024vaash,2024vagle
1601,2024nyny
1610,2024vapor,2024vagle
1619,2024utwv,2024code
1622,2024bcvi,2024arli,2024mslr,2024casd,2024ilch,2024hiho
1625,2024iacf,2024wila
1626,2024njall,2024njwas
1629,2024vabla,2024mdsev,2024cmptx
1640,2024njtab,2024paben
1646,2024inmis,2024incol,2024ncmec
1647,2024njtab,2024paben
1648,2024scand,2024gacar
1657,2024isde1
1661,2024cave,2024cala
1662,2024cada
1671,2024casf,2024cafr
1672,2024njfla,2024njwas
1675,2024wimi,2024wila
1676,2024njfla,2024njski
1678,2024casj,2024cada
1683,2024gadal,2024gagwi
1684,2024mike2
1690,2024isde1
1699,2024cthar,2024mawne
1700,2024casf,2024cabe
1701,2024midtr
1706,2024mose,2024mosl
1708,2024paca,2024ohcl
1710,2024ksla,2024wila
1711,2024milac,2024mitvc
1712,2024njtab,2024paben
1714,2024mndu2,2024wimi
1716,2024mndu,2024wila
1718,2024mike2,2024mitry
1719,2024mdsev,2024mdowi
1720,2024incol,2024ineva
1721,2024marea,2024nhdur
1723,2024mose,2024ksla,2024mokc
1726,2024azgl
1727,2024mdsev,2024mdowi
1729,2024melew,2024nhdur
1730,2024oktu,2024ksla,2024mokc
1731,2024vaash,2024vafal
1732,2024mndu,2024wimi
1735,2024rikin,2024mawne
1736,2024ilpe,2024ilch
1739,2024ilch
1740,2024cthar,2024mawne
1741,2024incol,2024inpla
1744,2024flwp,2024flor
1745,2024txwac,2024txpla
1746,2024gadal,2024gagwi
1747,2024inpla,2024ineva
1756,2024ilpe,2024mosl
1757,2024mabos,2024mawor
1758,2024gadal,2024sccha
1759,2024cala
1761,2024marea,2024mabos
1763,2024ksla,2024mokc
1764,2024ksla,2024mokc
1768,2024cthar,2024rikin,2024mawor
1769,2024ksla,2024mokc
1771,2024gagwi,2024gaalb
1772,2024brbr
1775,2024ksla,2024mokc
1778,2024wasno,2024wabon
1781,2024arli,2024wimi,2024ilch
1785,2024mose,2024iacf
1787,2024paca,2024ohcl
1792,2024mndu2,2024wimi
1793,2024vabla,2024vapor
1795,2024gagwi,2024gacar
1796,2024nysu,2024nytr,2024nyny
1797,2024nysu
1799,2024code
1802,2024mokc
1803,2024nyli2
1806,2024mose,2024mokc
1807,2024njall,2024njski
1810,2024mokc
1811,2024njfla,2024paphi
1816,2024mndu,2024mnmi2,2024cmptx
1818,2024lake
1819,2024oktu,2024okok
1822,2024code
1825,2024mokc
1827,2024ksla
1828,2024utwv,2024azgl
1831,2024marea,2024nhdur
1836,2024cala,2024caav
1847,2024ksla,2024mokc
1860,2024brbr,2024flor
1868,2024casj,2024code
1880,2024nyro,2024nytr,2024nyny
1884,2024nysu
1885,2024vabla,2024vafal
1891,2024utwv,2024idbo
1895,2024vaash,2024vafal
1899,2024waahs,2024wasam
1902,2024flta,2024flor
1908,2024vapor,2024mdsev
1912,2024mslr,2024lake
1915,2024vapor,2024vafal
1918,2024milac,2024miwmi
1922,2024nhgrs,2024mabos
1923,2024njall,2024njski
1927,2024mslr
1937,2024isde1
1939,2024mosl,2024mokc
1940,2024misjo,2024miken
1942,2024isde1
1943,2024isde1
1954,2024isde1
1965,2024mabri,2024mabos
1967,2024casj,2024caoc
1972,2024casd
1977,2024code
1982,2024mose,2024mokc
1983,2024waahs,2024wasam
1986,2024ksla,2024ilch
1987,2024mose,2024ksla,2024mokc
1991,2024cthar,2024ctwat
1994,2024ksla
1997,2024mose,2024mokc
2001,2024mokc
2010,2024tnkn,2024ohmv
2013,2024paca,2024onosh,2024onnob
2016,2024vabla,2024njall,2024paben
2022,2024ilpe,2024ilch
2027,2024nyli2
2028,2024vapor,2024vafal
2035,2024casj,2024camb
2036,2024code
2039,2024ilpe
2040,2024ilpe,2024ilch
2046,2024orsal,2024wabon,2024wasam
2048,2024midtr,2024miliv
2052,2024mndu,2024mnmi
2053,2024paca,2024nytr
2054,2024misjo
2056,2024onnew,2024onham
2059,2024ncwak,2024ncwa2
2062,2024mndu2,2024wimi
2064,2024cthar,2024ctwat
2067,2024ctwat,2024mabos
2068,2024vapor,2024vagle
2073,2024cada,2024caav
2075,2024miber,2024miken
2077,2024wimi,2024ilch
2079,2024mabri,2024mawor
2080,2024flor,2024lake
2083,2024code,2024okok
2084,2024marea,2024mabos
2090,2024hiho
2095,2024pahat,2024paphi,2024nytr
2096,2024isde1
2102,2024caph,2024casd
2106,2024vaash,2024vagle
2122,2024utwv,2024idbo,2024okok
2129,2024mndu2,2024wila
2130,2024idbo
2135,2024cada,2024camb
2137,2024milac,2024mitr2
2141,2024cada
2143,2024mnmi
2145,2024miket,2024miwmi
2147,2024waahs,2024wayak
2151,2024ilch
2152,2024flwp,2024flor
2158,2024txwac,2024txcle
2161,2024nyli2
2165,2024oktu,2024okok
2168,2024ctwat,2024mawor
2169,2024mndu2,2024mnmi
2170,2024cthar,2024mawne
2171,2024inmis,2024incol
2172,2024paca,2024ohcl
2175,2024mndu2,2024mnmi
2177,2024ndgf,2024mnmi
2180,2024njall,2024paben
2181,2024mndu
2183,2024mslr,2024lake
2186,2024vagle,2024vafal
2190,2024arli
2191,2024njall,2024njski
2194,2024wimi,2024wila
2197,2024inmis,2024ineva
2198,2024onsca,2024ontor
2199,2024vaash,2024mdsev
2200,2024ontor,2024onham
2202,2024wimi,2024wila
2204,2024cada,2024cabe
2207,2024mnmi
2212,2024isde1
2220,2024mnbt,2024wimi,2024ohmv
2221,2024mslr,2024lake
2224,2024mimil,2024midet
2225,2024mnmi
2227,2024mndu2,2024mnmi2
2228,2024paca,2024nyro
2230,2024isde1
2231,2024isde1
2234,2024pahat,2024paphi,2024nytr
2239,2024mndu,2024mnmi
2240,2024utwv,2024code
2246,2024milac,2024mitvc
2252,2024paca,2024ohcl
2259,2024code
2261,2024code
2262,2024mabri,2024rikin,2024mawor
2264,2024mndu2
2265,2024nysu,2024nyny
2283,2024mxto
2288,2024idbo,2024cabe
2333,2024oktu,2024okok
2337,2024miann,2024mimtp
2338,2024ilpe,2024ilch
2340,2024nyro
2341,2024arli,2024okok
2342,2024mabri,2024nhdur
2344,2024nyny
2345,2024ksla,2024mokc
2347,2024nyli2
2348,2024hiho
2352,2024oktu,2024okok
2357,2024arli,2024ksla,2024mokc
2358,2024wimi,2024ohmv
2359,2024oktu,2024okok
2363,2024vapor,2024vafal
2367,2024casj,2024cafr
2370,2024marea,2024mawor
2373,2024okok
2374,2024orsal,2024orwil
2375,2024cave,2024azgl
2377,2024mdsev,2024mdowi
2383,2024flwp,2024flta,2024ilch
2386,2024onnew,2024onham
2393,2024tnkn,2024alhu
2395,2024oktu,2024okok
2399,2024paca,2024ohcl
2403,2024azva,2024nvlv
2404,2024caav
2405,2024mimus,2024mimtp
2408,2024mosl
2410,2024ksla
2412,2024wasno,2024wasam
2415,2024gagwi,2024gaalb
2421,2024vaash,2024vafal
2423,2024mabri,2024mabos
2429,2024azgl,2024caav
2438,2024hiho
2441,2024hiho
2443,2024cala,2024hiho
2445,2024hiho
2450,2024ndgf,2024mnmi
2457,2024ksla,2024mokc
2458,2024pahat,2024paphi
2465,2024cala,2024hiho
2468,2024txwac,2024txfor
2470,2024ksla,2024mnmi
2471,2024orsal,2024orwil
2472,2024mndu2,2024mnmi
2473,2024casj,2024camb
2477,2024hiho
2478,2024azva,2024azgl
2481,2024oktu,2024ilpe
2485,2024casd,2024caoc
2486,2024utwv,2024azgl,2024nvlv,2024cmptx
2487,2024nyli2
2489,2024casf,2024cafr
2491,2024mndu2,2024mnmi
2495,2024njall,2024paphi
2498,2024mnmi
2500,2024ndgf,2024mnmi
2501,2024mndu2
2502,2024mose,2024mnmi
2503,2024mndu
2506,2024wimi,2024wila
2508,2024ndgf,2024mnmi
2509,2024mnmi2
2511,2024mnmi
2512,2024mndu2
2513,2024mnmi
2515,2024mnmi
2518,2024mnmi
2521,2024orsal,2024orwil
2522,2024wasno,2024wabon
2523,2024melew,2024nhdur
2526,2024mndu,2024iacf
2530,2024ndgf,2024mnmi
2531,2024mndu,2024mosl
2534,2024vaash,2024mdowi
2537,2024mdsev,2024mdowi
2538,2024mnmi2
2539,2024pahat,2024paphi
2543,2024caph,2024casd
2549,2024ndgf,2024mnmi2
2550,2024orore,2024orwil
2551,2024casf,2024cada
2554,2024njall,2024paben
2556,2024flta,2024lake
2557,2024orore,2024wabon
2559,2024pahat,2024paben
2560,2024ksla
2574,2024mndu2
2577,2024njfla,2024njall
2582,2024txkat,2024txfor
2583,2024txbel,2024txdal
2584,2024cala,2024idbo,2024caav
2585,2024txhou,2024txcle
2586,2024miesc,2024milsu
2587,2024txhou,2024txcle
2590,2024pahat,2024njski
2591,2024midtr,2024midet
2594,2024utwv,2024idbo
2601,2024nytr,2024nyny
2603,2024ohcl,2024ohmv
2604,2024mike2,2024mimcc
2606,2024mnmi
2607,2024pahat,2024paphi
2609,2024onosh,2024onwat
2611,2024mibkn,2024milan
2613,2024txfor,2024txama
2614,2024paca,2024ohmv,2024cmptx
2619,2024milac,2024mimid
2620,2024mibro,2024midtr
2626,2024qcmo
2630,2024isde1
2634,2024onosh,2024onwin
2635,2024orore,2024orwil
2637,2024caph,2024cala
2638,2024paca,2024nyli2,2024alhu
2640,2024ncpem,2024ncmec
2641,2024paca,2024flta
2642,2024ncwak,2024ncpem
2643,2024camb
2647,2024azgl
2648,2024nhgrs,2024melew
2654,2024ndgf,2024iacf
2656,2024paca
2657,2024txsan,2024txama
2658,2024caph,2024casd
2659,2024azva,2024caav
2662,2024azva,2024azgl
2667,2024wimi,2024mnmi2
2673,2024midtr,2024midet
2679,2024isde1
2687,2024txwac,2024txfor
2689,2024txwac,2024txfor
2702,2024onbar,2024onwat
2704,2024ilpe,2024wila
2706,2024onnew,2024onnob
2708,2024onosh,2024onnob
2710,2024caph,2024cala
2712,2024melew,2024mawor
2713,2024mabri,2024mabos
2714,2024txwac,2024txdal
2718,2024mose,2024okok
2720,2024njtab,2024paben
2722,2024njtab,2024paben
2725,2024ilch
2733,2024orore,2024orwil
2767,2024misjo,2024miwmi
2771,2024mimus,2024miken
2773,2024oktu,2024okok
2783,2024tnkn,2024mosl
2789,2024txwac,2024txbel
2791,2024nysu,2024nytr
2797,2024flor
2811,2024orore,2024wayak,2024orwil
2813,2024cave,2024idbo
2815,2024scand,2024sccha
2823,2024mndu,2024mnmi
2826,2024ilpe,2024wila
2827,2024casd
2830,2024wimi,2024wila
2832,2024mimil,2024miliv
2834,2024mitvc,2024mitry
2839,2024caph,2024casd
2840,2024azva
2846,2024mndu2,2024mnmi
2847,2024mndu,2024iacf
2848,2024txwac,2024txpla
2849,2024mdsev,2024mdowi
2851,2024mibro,2024mitry
2852,2024onsca,2024onwin
2853,2024hiho
2854,2024casf,2024cabe
2855,2024mndu2,2024mnmi
2856,2024tnkn
2861,2024mndu
2867,2024inmis,2024inpla
2869,2024nyli2,2024nyny
2872,2024tnkn,2024nyli2
2875,2024nysu,2024nyli2
2876,2024marea,2024mabos
2877,2024mabri,2024mabos
2879,2024mnmi
2881,2024txwac,2024txsan
2882,2024txkat,2024txhou
2883,2024ndgf,2024mnmi2
2890,2024vapor,2024vagle
2895,2024nyny
2896,2024hiho
2898,2024orsal,2024orwil
2900,2024mdsev,2024vafal
2903,2024wasno,2024waahs
2905,2024tuis,2024tuhc
2906,2024waahs,2024wabon
2907,2024waahs,2024wabon
2909,2024inmis,2024ineva
2910,2024wasno,2024wabon
2912,2024vapor,2024vafal
2914,2024mdsev,2024mdowi
2915,2024orore,2024orsal
2926,2024orore,2024wayak
2927,2024waahs,2024wabon
2928,2024waahs,2024wasam
2929,2024waahs,2024wabon
2930,2024wasno,2024wabon
2935,2024onosh,2024onnob
2945,2024oktu,2024code
2950,2024txwac,2024txcle
2959,2024miber,2024miwmi
2960,2024miann,2024mitry
2963,2024vabla,2024vapor
2969,2024txkat,2024txsan
2972,2024oktu,2024mokc
2973,2024mslr,2024alhu
2974,2024scand,2024gacar
2976,2024waahs,2024wasam
2977,2024mndu,2024wila
2978,2024mosl
2980,2024wasno,2024wabon
2984,2024casd
2987,2024mndu2,2024mslr
2988,2024vapor,2024vagle
2990,2024orsal,2024orwil
2992,2024arli,2024mslr,2024lake
2996,2024oktu,2024code
2998,2024vaash,2024vagle
3003,2024nyro,2024nytr
3004,2024nysu,2024nyny
3005,2024txwac,2024txfor
3006,2024utwv,2024code
3007,2024mnmi
3008,2024casj,2024hiho
3009,2024utwv,2024nvlv
3015,2024paca,2024nyro,2024ohcl
3017,2024nyny
3018,2024mnmi
3019,2024azva,2024azgl
3020,2024caoc
3023,2024mndu2,2024ilch
3024,2024orsal,2024orwil
3026,2024ndgf,2024mnmi
3029,2024txkat,2024txhou
3035,2024txsan,2024txcle
3038,2024mnmi
3039,2024mslr,2024lake
3042,2024ndgf,2024mnmi
3044,2024nyro,2024nytr
3045,2024camb,2024cabe
3049,2024wasno,2024wabon
3053,2024nyny
3055,2024mndu
3058,2024ndgf,2024mnmi2
3061,2024ksla,2024ilch
3065,2024isde1
3067,2024ilpe,2024ilch
3070,2024waahs,2024wasam
3075,2024isde1
3082,2024mndu2,2024wila
3083,2024isde1
3090,2024wila
3091,2024scand,2024gacar
3096,2024mibro,2024midtr
3098,2024miann,2024mitr2
3100,2024mndu2,2024mnmi
3102,2024arli,2024mnmi2
3110,2024ilch
3117,2024qcmo,2024nyro
3128,2024caph,2024azva,2024casd
3130,2024mndu2,2024mnmi2
3132,2024ausc,2024cmptx
3134,2024ndgf,2024mnmi2
3136,2024vaash,2024vagle
3137,2024nyli2
3138,2024ohcl
3139,2024tnkn,2024alhu
3140,2024tnkn,2024alhu
3142,2024njfla,2024njwas
3146,2024cthar,2024ctwat
3147,2024inmis,2024incol
3158,2024mxmo,2024azva
3160,2024oktu,2024okok
3161,2024ontor,2024onham
3163,2024okok
3164,2024flta,2024flor
3166,2024utwv
3171,2024nysu,2024nytr
3172,2024okok
3173,2024flwp,2024nyro,2024nytr
3175,2024mimil,2024mimcc
3176,2024inmis,2024ineva
3179,2024oktu,2024azgl
3181,2024paca,2024nyro
3182,2024cthar,2024mawne
3184,2024ksla,2024ohmv
3187,2024azva,2024azgl
3189,2024casj,2024cada
3193,2024nyro,2024ohmv
3196,2024ncpem,2024ncmec
3197,2024mndu,2024wimi
3200,2024utwv,2024code
3201,2024paca,2024ohmv
3202,2024mnmi
3204,2024nysu
3205,2024marea,2024mawor
3206,2024mndu2
3211,2024isde1
3212,2024mndu2
3216,2024cave,2024nvlv
3218,2024orore,2024wabon
3219,2024waahs,2024wabon
3229,2024ncwak,2024ncwa2
3234,2024miwmi,2024miken
3242,2024flor
3243,2024utwv
3245,2024utwv,2024idbo
3247,2024okok
3255,2024caph,2024casd
3256,2024casj,2024azva
3257,2024cada,2024camb
3260,2024paca,2024ohmv
3267,2024mndu
3268,2024wasno,2024wasam
3275,2024ndgf,2024mnmi2
3276,2024ndgf,2024mnmi2
3277,2024ndgf,2024mnmi2
3278,2024ndgf
3284,2024oktu,2024mosl,2024okok
3288,2024utwv,2024idbo
3291,2024mndu
3293,2024ndgf
3294,2024mndu
3295,2024caoc
3297,2024mndu2,2024mnmi2
3298,2024ndgf
3300,2024mnmi2
3302,2024mitry,2024midet
3309,2024azva,2024caoc
3310,2024txwac,2024txfor
3313,2024ndgf,2024mnmi2
3314,2024cthar,2024njski,2024paben
3316,2024isde1
3322,2024mimil,2024miann
3323,2024mabos,2024mawor
3324,2024ohmv
3328,2024caph,2024cave
3329,2024scand,2024gaalb
3336,2024ncpem,2024ncwa2
3339,2024isde1
3340,2024njfla,2024njall
3341,2024casd
3344,2024gadal,2024gaalb
3349,2024ncwak,2024ncmec
3352,2024ilpe
3354,2024bcvi,2024mxto
3357,2024mibat,2024miken
3359,2024vapor,2024vafal
3360,2024qcmo,2024nytr
3361,2024vabla,2024vagle
3373,2024vaash,2024vafal
3374,2024utwv,2024code
3381,2024wimi,2024wila
3388,2024isde1
3390,2024flwp
3393,2024waahs,2024wabon
3397,2024mosl
3405,2024utwv
3407,2024mnmi
3408,2024cala
3414,2024mibkn,2024miliv
3418,2024mndu2,2024wila
3419,2024nytr,2024nyny
3451,2024melew,2024nhdur
3452,2024miber,2024misjo
3454,2024mnmi
3458,2024mimus,2024miwmi
3459,2024ncpem,2024ncwa2
3461,2024ctwat,2024mawne
3464,2024cthar,2024rikin
3465,2024oktu,2024okok
3467,2024nhgrs,2024marea,2024mabos
3468,2024mslr,2024lake
3472,2024mxmo
3473,2024cala,2024caoc
3476,2024cave,2024caoc
3478,2024mxmo,2024lake
3480,2024mxto
3481,2024txwac,2024txhou
3482,2024cada,2024cabe
3484,2024paca,2024ohcl
3487,2024incol,2024inpla
3488,2024ilpe
3489,2024scand,2024sccha
3490,2024scand,2024sccha
3491,2024cafr
3492,2024paca,2024ohmv
3494,2024incol,2024inpla
3501,2024utwv,2024cafr
3504,2024paca,2024ohcl
3506,2024ncash,2024ncmec
3507,2024oktu
3512,2024caph,2024cafr
3515,2024njall,2024njski
3522,2024mxmo
3526,2024mxmo
3527,2024mxpu
3532,2024qcmo
3533,2024qcmo
3534,2024mike2,2024mitr2
3536,2024mibat,2024milac
3537,2024miesc,2024mitvc
3538,2024mimil,2024mimus
3539,2024midtr,2024mimcc
3543,2024onosh,2024onnob
3544,2024qcmo,2024nytr
3545,2024txkat,2024txsan
3546,2024misjo,2024miwmi
3550,2024qcmo,2024nytr
3559,2024incol,2024ineva
3560,2024onbar,2024ontor,2024onham
3561,2024txbel,2024txsan
3566,2024nhgrs,2024mabri
3568,2024mike2,2024mitr2
3572,2024mimus,2024miwmi
3574,2024wayak,2024wasam
3577,2024azgl
3588,2024wasno,2024waahs
3596,2024wimi
3597,2024mabos,2024nhdur
3598,2024cada,2024cafr
3602,2024miesc,2024milsu
3603,2024milac,2024mitvc
3604,2024mibro,2024miliv
3606,2024lake
3610,2024mnmi
3616,2024arli,2024lake
3618,2024miket,2024milac
3619,2024midtr,2024mitr2
3620,2024misjo,2024milan
3623,2024mabri,2024mawor
3624,2024nysu,2024nyli2
3627,2024flwp,2024flor
3630,2024wimi,2024mnmi
3632,2024midtr,2024midet
3634,2024cthar,2024ctwat
3635,2024gacar,2024gaalb
3636,2024orsal,2024orwil
3637,2024pahat,2024njski
3641,2024milac,2024miliv
3646,2024tuhc
3647,2024caph,2024casd
3648,2024azva,2024code
3654,2024ctwat,2024mawne
3655,2024miesc,2024milan
3656,2024mibel,2024mitr2
3658,2024mibat,2024miken
3660,2024okok
3663,2024waahs,2024wabon
3667,2024mike2,2024mimcc
3668,2024miket,2024miann
3669,2024idbo,2024camb
3673,2024orsal,2024orwil
3674,2024orore,2024orsal
3676,2024txdal,2024txama
3679,2024txbel,2024txsan
3680,2024ncash,2024ncmec
3681,2024wasno,2024wasam
3683,2024onbar,2024onwat
3688,2024milac,2024mitvc
3691,2024mnmi
3692,2024wimi,2024wila
3695,2024ilpe
3704,2024casd
3707,2024mibel,2024milan
3712,2024orsal,2024wayak
3719,2024cthar,2024rikin
3721,2024hiho
3723,2024iacf
3728,2024txkat
3729,2024mose,2024code
3734,2024wimi
3735,2024txpla,2024txhou
3737,2024ncpem,2024ncwa2
3739,2024onwat,2024onwin
3740,2024mnmi2
3743,2024txwac,2024txbel
3748,2024mdsev,2024mdowi
3749,2024cave,2024casd
3751,2024mndu2,2024mnmi
3753,2024mslr,2024lake
3755,2024ndgf,2024mnmi2
3756,2024onwat,2024onwin
3759,2024caph,2024cala
3760,2024nyny
3767,2024mibat,2024mitvc
3770,2024mitvc,2024mimid
3773,2024mibkn,2024miliv
3777,2024ohcl
3786,2024waahs,2024wabon
3792,2024arli,2024ilch
3793,2024mdsev,2024mdowi
3794,2024mxmo,2024mxpu,2024idbo
3799,2024nyro,2024ohcl
3802,2024txwac,2024txbel
3807,2024code
3814,2024mosl,2024ohmv
3815,2024gadal,2024gacar
3821,2024tnkn
3822,2024ncpem,2024ncwa2
3824,2024tnkn,2024alhu
3826,2024wasno,2024wabon
3835,2024isde1
3838,2024nyro
3843,2024tnkn,2024mosl
3847,2024txbel,2024txhou
3848,2024mnmi2
3853,2024azva,2024azgl
3859,2024cala
3863,2024caph,2024cave
3865,2024inmis,2024inpla
3871,2024ndgf
3875,2024miber,2024miken
3876,2024waahs,2024wayak
3880,2024casd,2024hiho
3881,2024cave,2024hiho
3882,2024casd,2024hiho
3883,2024mndu2,2024mnmi
3890,2024inpla,2024ineva
3891,2024wimi
3925,2024cave,2024cafr
3926,2024ndgf,2024mnmi
3928,2024mose,2024iacf
3931,2024mose,2024okok
3932,2024flwp,2024flor
3933,2024mxmo,2024mxpu
3936,2024inmis,2024inpla
3937,2024arli,2024mosl,2024cmptx
3939,2024vabla,2024vagle
3940,2024inmis,2024inpla
3944,2024azgl
3947,2024inmis,2024inpla
3950,2024nysu,2024nyli2
3951,2024nyro,2024nytr
3952,2024caoc
3954,2024paca
3958,2024mabri,2024marea
3959,2024mslr,2024alhu
3965,2024casd
3966,2024tnkn,2024alhu
3970,2024cave,2024cafr
3975,2024qcmo
3976,2024scand,2024sccha
3984,2024tnkn,2024alhu
3985,2024qcmo
3986,2024qcmo,2024nytr
3990,2024qcmo,2024nyli2
3993,2024caav
3996,2024qcmo
4003,2024milac,2024miwmi
4004,2024mimus,2024miken
4005,2024oktu,2024okok
4008,2024inpla,2024ineva
4009,2024mndu,2024code
4010,2024mxmo
4011,2024mndu,2024wila
4012,2024nyny
4013,2024flor,2024lake
4014,2024cave,2024caav
4015,2024onnew,2024onbar
4019,2024cave
4020,2024tnkn,2024alhu
4021,2024mndu,2024wila
4024,2024flor
4026,2024gadal,2024gacar
4027,2024paca,2024ohcl
4028,2024ilpe,2024ohmv
4039,2024onnew,2024onnob
4041,2024nhgrs,2024melew
4043,2024orsal,2024orwil
4048,2024mabri,2024mawor
4050,2024paca,2024ohcl
4054,2024wila
4060,2024orsal,2024wayak,2024orwil
4061,2024orore,2024wayak
4063,2024txsan,2024txama
4065,2024flor,2024lake
4068,2024utwv,2024code
4069,2024onsca,2024onnob
4079,2024caoc,2024caav
4085,2024ohcl,2024ohmv
4087,2024mslr,2024lake
4089,2024wasno,2024wayak
4091,2024flor
4093,2024nyro
4096,2024ilpe,2024ilch,2024cmptx
4099,2024vaash,2024mdowi
4104,2024wayak,2024wasam
4107,2024mslr
4112,2024gadal,2024gaalb
4118,2024flta
4121,2024paca,2024ohcl
4122,2024nysu,2024nytr,2024nyny
4123,2024cala,2024caav
4125,2024orsal,2024wayak
4127,2024orore,2024orwil
4130,2024mimil,2024midet
4131,2024wasno,2024wayak,2024wasam
4135,2024cada,2024camb
4141,2024cafr,2024caoc
4143,2024ilpe,2024iacf
4145,2024paca,2024ohcl,2024ohmv
4146,2024azva,2024azgl
4150,2024paca,2024ohcl
4152,2024onnew,2024onnob
4153,2024txfor,2024txama
4159,2024cada,2024cabe
4160,2024casd,2024caoc
4166,2024mndu2
4169,2024mabri,2024marea
4171,2024camb
4173,2024wasno,2024wasam
4174,2024mndu
4175,2024idbo
4176,2024marea,2024mabos
4179,2024flta
4180,2024wasno,2024wasam
4181,2024mndu,2024ndgf
4182,2024mndu2
4183,2024utwv,2024azgl
4186,2024casf,2024cabe
4187,2024mosl
4188,2024gagwi,2024gacar
4189,2024scand,2024gacar
4191,2024tuis,2024tuhc
4192,2024txpla,2024txama
4198,2024ndgf,2024mnmi
4201,2024caph,2024cala
4206,2024flwp,2024txfor,2024txama
4207,2024mnmi
4213,2024ilpe,2024mokc
4215,2024mnmi
4216,2024mibkn
4219,2024txsan,2024txama
4225,2024mnmi
4226,2024ndgf,2024mnmi2
4229,2024mndu2
4230,2024mndu2,2024wila
4232,2024mosl
4237,2024miber,2024misjo
4238,2024ndgf
4239,2024ndgf,2024mnmi2
4240,2024gadal,2024gaalb
4251,2024txfor,2024txama
4253,2024bcvi,2024ausc
4255,2024camb,2024cabe
4256,2024mosl,2024alhu
4260,2024iacf
4265,2024tnkn,2024alhu
4269,2024ohmv
4270,2024bcvi,2024casd,2024hiho
4272,2024inmis,2024incol
4276,2024cave,2024caoc
4277,2024mnmi
4285,2024pahat,2024njwas
4286,2024vaash,2024vagle
4290,2024ncash,2024ncmec
4293,2024oktu,2024code
4295,2024txfor,2024txcle
4299,2024nyny
4306,2024alhu
4308,2024ontor,2024onham
4311,2024marea,2024mabos
4314,2024ilpe
4319,2024isde1
4320,2024isde1
4322,2024caph,2024caav
4325,2024miber,2024misjo
4327,2024mibat,2024miann,2024ohcl
4328,2024txkat,2024txsan
4329,2024oktu,2024mosl
4330,2024mosl
4332,2024txbel,2024txdal
4336,2024mslr,2024lake
4337,2024miber,2024mimus
4338,2024isde1
4342,2024njtab,2024paphi
4343,2024onnew,2024onnob
4348,2024utwv
4355,2024mxpu,2024mxto
4360,2024ndgf
4361,2024njfla,2024njski
4362,2024mimil,2024miann
4364,2024txbel,2024txdal
4371,2024mxmo
4373,2024paphi,2024paben
4375,2024miesc,2024milsu
4377,2024mibkn,2024mimid
4381,2024mibat,2024mimus
4382,2024mimid,2024mimtp
4384,2024mimil,2024mitry
4388,2024flwp,2024code
4390,2024midtr,2024midet
4391,2024miesc,2024milsu
4392,2024milsu,2024mimtp
4395,2024mibel,2024miann
4398,2024milsu,2024mimtp
4400,2024mslr,2024mxto
4401,2024mxto
4403,2024mxto
4405,2024mibel,2024midet
4414,2024cave,2024nvlv
4415,2024caph,2024azva,2024caoc
4416,2024isde1
4418,2024oktu,2024code
4419,2024casd,2024caav
4421,2024bcvi,2024nvlv
4422,2024mibat,2024milac
4450,2024wasno,2024waahs
4451,2024scand,2024gacar
4453,2024mibat,2024mimus
4455,2024mose,2024mokc
4456,2024vabla,2024mdsev
4458,2024nyro,2024nytr
4459,2024gacar,2024gaalb
4462,2024tnkn
4464,2024mdsev,2024mdowi
4467,2024ohcl,2024ohmv
4468,2024gagwi,2024gacar
4469,2024waahs,2024wabon
4470,2024caoc
4472,2024vagle,2024vafal
4473,2024nhgrs,2024melew
4476,2024onnew,2024onwat
4480,2024mnmi2
4481,2024caph,2024cave
4485,2024inpla,2024ineva
4488,2024orore,2024orwil
4499,2024oktu,2024code,2024alhu
4500,2024oktu,2024okok
4501,2024bcvi,2024cala,2024idbo,2024lake
4504,2024tnkn,2024ohcl
4505,2024vaash,2024mdowi
4509,2024gagwi,2024gaalb
4511,2024mndu
4512,2024wasno,2024wabon
4513,2024wasno,2024wayak
4516,2024gadal,2024gacar
4522,2024mose,2024mosl,2024mokc
4523,2024oktu,2024okok
4531,2024wimi,2024lake
4533,2024scand,2024sccha
4534,2024ncpem,2024ncwa2
4536,2024ndgf,2024mnmi2
4537,2024ausc
4539,2024ndgf,2024mnmi2
4541,2024mdsev,2024mdowi
4546,2024marea,2024nhdur
4550,2024mose,2024code
4561,2024ncpem,2024ncwa2
4562,2024flta
4564,2024melew,2024nhdur
4565,2024azgl
4567,2024nyli2
4568,2024mibkn,2024mitr2
4571,2024nysu,2024nyny
4572,2024cthar,2024ctwat
4573,2024njall,2024njwas
4575,2024vabla,2024njtab,2024paben
4576,2024flta,2024ohmv
4579,2024waahs,2024wabon
4580,2024incol,2024inpla
4584,2024mxmo
4585,2024utwv
4586,2024isde1
4587,2024txkat,2024txhou
4590,2024isde1
4593,2024mose,2024code
4597,2024txbel,2024txdal
4598,2024utwv,2024idbo
4601,2024ohcl
4603,2024mxto,2024okok
4607,2024iacf,2024mnmi2
4610,2024txbel,2024txdal
4611,2024paca,2024ohmv
4613,2024tuis2,2024ausc,2024cmptx
4617,2024onwat,2024onham
4619,2024caoc
4622,2024flor
4623,2024mndu2
4624,2024mndu,2024iacf
4627,2024bcvi
4630,2024tnkn
4632,2024mnmi
4635,2024mxmo,2024alhu
4637,2024pahat,2024paphi
4638,2024mdsev,2024mdowi
4639,2024txkat,2024txdal
4641,2024txpla,2024txdal
4643,2024cada,2024cabe
4645,2024wimi,2024ilch
4646,2024mose,2024iacf
4652,2024njall,2024njwas
4653,2024njall,2024njwas
4655,2024iacf,2024ilch
4656,2024mndu
4661,2024isde1
4662,2024orore,2024orwil
4663,2024ndgf,2024mnmi
4664,2024mnmi
4669,2024casj,2024casf
4674,2024ndgf,2024mnmi2
4678,2024onwat,2024onwin
4680,2024midtr,2024midet
4682,2024wasno,2024wabon
4688,2024ontor,2024onwin
4692,2024wayak,2024orwil
4693,2024mndu,2024mnmi
4698,2024casf,2024idbo,2024cabe
4701,2024gadal,2024sccha
4702,2024ilch
4703,2024mndu2
4711,2024cave
4717,2024txbel,2024txdal
4723,2024mxmo
4728,2024iacf,2024mnmi2
4729,2024ausc
4730,2024gadal,2024gaalb
4731,2024mxpu,2024ilch
4734,2024txwac,2024txama
4735,2024mose,2024mxto
4737,2024mibel,2024miliv
4738,2024caph,2024casd
4739,2024ausc
4741,2024mndu
4744,2024isde1
4750,2024njski,2024paben
4758,2024midtr,2024midet
4761,2024marea,2024nhdur
4764,2024arli
4765,2024casf,2024camb
4766,2024mose,2024mosl,2024mokc
4768,2024midtr,2024midet
4774,2024ausc
4775,2024mxmo,2024mxpu
4776,2024misjo,2024mimid
4778,2024mndu,2024mnmi2
4779,2024miket,2024mitvc
4782,2024mxmo
4786,2024mndu,2024wimi
4787,2024wimi,2024ilch
4788,2024ausc
4795,2024ncwak,2024ncash
4809,2024ksla
4810,2024mibat,2024mimcc
4816,2024ncwak,2024ncwa2
4817,2024cave,2024ausc
4821,2024vagle,2024vafal
4827,2024miesc,2024mimtp
4828,2024ncpem,2024ncwa2
4829,2024ncwak,2024ncmec
4835,2024miesc,2024mimtp
4838,2024midtr,2024mitr2
4851,2024midtr
4854,2024midet
4855,2024misjo,2024miwmi
4859,2024iacf
4861,2024ncwak,2024ncash
4903,2024onwat,2024onwin
4904,2024casf,2024cabe
4905,2024nhgrs,2024rikin
4906,2024nhgrs,2024melew
4907,2024onbar,2024onwin
4908,2024mabri,2024rikin
4909,2024nhgrs,2024mabri
4911,2024waahs,2024wabon
4915,2024wasno,2024wabon
4917,2024onbar,2024onwat
4918,2024wasno,2024wasam
4919,2024casd
4920,2024ontor,2024onwin
4925,2024rikin,2024mabos
4926,2024incol,2024ineva
4930,2024nyro,2024ohmv
4931,2024mosl
4935,2024ncpem,2024ncmec
4939,2024onosh,2024ontor
4940,2024onnew,2024onwin
4944,2024utwv,2024code
4946,2024ontor,2024onwin
4947,2024qcmo
4951,2024onnew,2024onwin
4952,2024qcmo
4955,2024qcmo
4956,2024miber,2024mimid
4959,2024ksla,2024mokc
4961,2024mimcc
4964,2024caoc
4967,2024vabla,2024milsu,2024miken
4972,2024tuis
4973,2024casf,2024cabe
4976,2024onnew,2024onham
4980,2024wayak,2024wasam
4982,2024incol,2024inpla
4983,2024mitvc,2024mimtp
4984,2024casd,2024caoc
4987,2024cthar,2024mawor
4988,2024miesc,2024milsu
4990,2024casj,2024cabe
4991,2024paca,2024nyro
4992,2024onnob,2024onham
4994,2024miket,2024mimtp
4998,2024miket,2024mitry
4999,2024cala,2024caoc
5000,2024mabri,2024mawor
5002,2024arli,2024alhu
5005,2024tnkn,2024alhu
5010,2024incol,2024inpla
5012,2024cave,2024caav
5013,2024mose,2024okok
5016,2024nysu
5019,2024wila
5024,2024onnew,2024onwat
5025,2024azva,2024casd
5026,2024casj,2024azgl
5027,2024casj
5031,2024onsca,2024onbar
5032,2024onsca,2024ontor
5036,2024onsca,2024onosh
5041,2024ilpe,2024iacf
5045,2024mosl,2024alhu
5046,2024mike2,2024mitry
5049,2024nvlv
5050,2024mibro
5052,2024txbel,2024txcle
5053,2024mibro,2024miliv
5056,2024misjo,2024miken
5059,2024azva
5060,2024mosl
5065,2024midtr,2024mitr2
5066,2024mibkn,2024miliv
5067,2024mibro,2024miann
5070,2024txhou,2024txcle
5071,2024utwv
5074,2024gagwi,2024gaalb
5084,2024miket,2024mimid
5086,2024milac
5089,2024cala,2024camb
5090,2024mibro,2024miliv
5096,2024wimi
5098,2024ksla,2024mokc
5099,2024nyli2
5103,2024txbel,2024txsan
5104,2024casf,2024camb
5109,2024gagwi,2024gacar
5110,2024milac,2024mitvc
5112,2024cthar,2024rikin
5113,2024njtab,2024paphi
5114,2024mike2,2024mimid
5115,2024mdsev,2024mdowi
5119,2024ksla,2024okok
5123,2024nyny
5124,2024caph,2024caoc
5125,2024ilpe,2024ilch
5126,2024ksla,2024mokc
5130,2024scand,2024sccha
5133,2024mxmo
5135,2024isde1
5136,2024cave
5137,2024casd,2024caav
5141,2024mose,2024ksla
5142,2024ctwat,2024mawne
5143,2024mndu
5144,2024mibkn,2024miann
5145,2024flta,2024flor
5147,2024mosl
5148,2024wimi,2024wila
5149,2024nytr
5150,2024mike2,2024mimid
5152,2024mibat,2024mimus
5160,2024ncpem,2024ncwa2
5162,2024mimus,2024mimtp
5166,2024milac,2024mimid
5167,2024mimil,2024mimus
5171,2024cafr,2024camb
5172,2024ndgf,2024mnmi2
5176,2024mosl
5181,2024pahat,2024paphi
5182,2024miber,2024misjo
5183,2024mike2,2024mitvc
5188,2024incol,2024ineva
5189,2024ksla
5190,2024ncwak,2024ncwa2
5193,2024mike2,2024mimid
5197,2024midtr,2024miliv
5199,2024caph,2024cala
5205,2024mibkn
5212,2024txwac,2024txdal
5213,2024miket,2024milsu
5214,2024mitry,2024midet
5216,2024milac,2024mimid
5217,2024midtr,2024mitr2
5225,2024mimil,2024mimcc
5227,2024misjo,2024miann
5229,2024mimid,2024mimtp
5231,2024mimid,2024mimtp
5232,2024mndu2
5234,2024milsu,2024milan
5235,2024mike2
5239,2024miann,2024mimcc
5243,2024mdsev,2024vafal
5247,2024milac,2024mitvc
5248,2024mibat,2024miwmi
5253,2024mndu
5256,2024mibat,2024miken
5260,2024miket,2024miken
5261,2024txhou,2024txcle
5263,2024mibro,2024miann
5265,2024nhgrs,2024melew
5268,2024ksla
5271,2024mndu2
5274,2024cada,2024cabe
5275,2024mndu2,2024iacf
5276,2024flta,2024lake
5278,2024mndu,2024mnmi
5282,2024miket,2024miann
5285,2024cave,2024caoc
5291,2024isde1
5293,2024gagwi,2024gacar
5295,2024waahs,2024orwil
5298,2024nysu,2024nyny
5310,2024njfla,2024njski
5312,2024mose,2024mxto
5314,2024milsu
5331,2024ausc
5338,2024vagle,2024vafal
5339,2024mndu2,2024wila
5347,2024mabos,2024mawor
5348,2024mndu
5401,2024pahat,2024paben
5402,2024inmis,2024incol
5406,2024onosh,2024onham
5407,2024pahat,2024paphi
5408,2024onbar,2024onwin
5409,2024onnob,2024onham
5410,2024flwp,2024flta,2024alhu
5411,2024txfor,2024txama
5413,2024paca,2024ohcl
5414,2024txbel,2024txhou
5417,2024txpla,2024txdal
5419,2024caph,2024cada
5421,2024nyny
5422,2024mabri,2024nhdur
5424,2024mimil,2024mimid
5427,2024txsan,2024txcle
5429,2024nvlv
5430,2024azva,2024cabe
5431,2024txpla,2024txdal
5434,2024mnmi
5436,2024mibro,2024mitry
5437,2024arli
5438,2024njfla,2024njski
5439,2024qcmo
5440,2024qcmo
5442,2024mose,2024ilpe
5443,2024qcmo
5449,2024azgl
5454,2024arli,2024mokc
5457,2024njtab,2024njski
5458,2024cada,2024caav
5459,2024melew,2024nhdur
5460,2024miket,2024onosh,2024mimcc
5461,2024bcvi,2024idbo
5462,2024miber,2024miken
5464,2024ndgf,2024mnmi2
5467,2024mibel,2024midtr
5468,2024orore,2024wayak
5470,2024mimus,2024miwmi
5472,2024flwp,2024flta,2024lake
5474,2024casd
5478,2024mimil,2024midtr
5480,2024idbo
5484,2024inmis,2024oktu,2024ineva
5486,2024miesc,2024milsu
5490,2024njski,2024paben
5491,2024nhgrs,2024mawor
5492,2024ohcl,2024ohmv
5493,2024code
5494,2024mabri,2024mawne,2024nhdur
5498,2024mibro,2024miann
5500,2024caoc
5501,2024misjo,2024milsu
5503,2024txwac,2024txbel
5504,2024mitvc,2024mimid
5505,2024milac,2024mimtp
5507,2024casf,2024cabe
5509,2024milac,2024mimid
5511,2024ncpem,2024ncwa2
5514,2024casd
5515,2024cada
5516,2024bcvi
5517,2024mike2,2024milan
5518,2024ncpem,2024ncwa2
5525,2024milac,2024mimtp
5526,2024mxto,2024lake
5527,2024mike2,2024mitr2
5528,2024qcmo,2024nyro
5530,2024miann,2024midet
5531,2024mibel
5532,2024midtr,2024midet
5533,2024mike2,2024milan
5534,2024miesc,2024mitvc
5535,2024miber,2024mitvc
5538,2024miket,2024mimid
5539,2024azgl
5541,2024mnmi2
5547,2024milac,2024milsu
5549,2024vapor,2024vafal
5550,2024oktu,2024okok
5553,2024nyli2
5554,2024isde1
5555,2024mibro,2024mimcc
5557,2024flwp,2024flor,2024alhu
5559,2024mibkn
5560,2024mitvc,2024mimtp
5561,2024mimil,2024mike2
5563,2024marea,2024mabos
5564,2024ausc
5567,2024mibro,2024miken
5572,2024txpla,2024txsan
5576,2024ndgf,2024iacf
5577,2024mibkn,2024milsu
5583,2024mosl
5584,2024ausc
5586,2024wimi,2024wila
5587,2024vaash,2024vafal
5588,2024waahs,2024wasam
5590,2024nytr
5596,2024onosh,2024onwin
5599,2024nyli2
5603,2024mike2,2024mimid
5607,2024ncwak,2024ncwa2
5608,2024gadal,2024gagwi
5610,2024misjo,2024miwmi
5612,2024mike2,2024mitr2
5613,2024txwac,2024txama
5614,2024isde1
5618,2024qcmo
5619,2024mibro,2024midet
5623,2024mibat,2024milan
5624,2024njfla,2024njall
5626,2024mnmi
5635,2024isde1
5638,2024ndgf
5641,2024mike2,2024milan
5642,2024midet
5648,2024ausc
5651,2024gagwi,2024gacar
5653,2024mndu,2024nvlv
5654,2024isde1
5655,2024tuis3
5658,2024ndgf
5660,2024miket,2024milan
5665,2024tuis2,2024tuis3,2024cmptx
5666,2024njall,2024paben
5667,2024ohcl,2024ohmv
5669,2024cala
5672,2024onnob,2024onham
5674,2024mike2,2024milan
5675,2024misjo,2024miwmi
5676,2024mibkn,2024milan
5679,2024ncash,2024ncmec
5682,2024txpla,2024txdal
5683,2024waahs,2024wabon
5684,2024pahat,2024paphi
5687,2024nhgrs,2024melew
5689,2024onosh,2024onwin
5690,2024mndu,2024code
5695,2024mibro,2024midet
5696,2024mxpu
5697,2024miket,2024mibro
5700,2024casf,2024camb
5702,2024miesc,2024milsu
5704,2024mibkn,2024milan
5705,2024mxpu,2024mxto
5706,2024miesc,2024milsu
5708,2024mibkn,2024miann
5712,2024misjo,2024mimid
5715,2024isde1
5716,2024mxmo
5719,2024onsca,2024ontor
5720,2024mndu2
5722,2024flta
5724,2024vabla,2024vagle
5726,2024txbel,2024txsan
5727,2024ncash,2024ncmec
5728,2024cada
5732,2024njfla,2024njwas
5735,2024mabos,2024mawor
5736,2024nysu,2024nyli2
5740,2024paca,2024nyro,2024ohmv
5744,2024tnkn
5746,2024cthar,2024ctwat
5756,2024midtr,2024midet
5773,2024tuis3
5783,2024txdal,2024txama
5785,2024lake
5788,2024txpla,2024txdal
5800,2024brbr,2024alhu
5801,2024flwp,2024mose,2024mokc
5804,2024vabla,2024vagle
5805,2024casd,2024caoc
5806,2024nyny
5809,2024mose,2024mokc
5811,2024ohcl,2024ohmv
5813,2024mabri,2024nhdur
5816,2024flta,2024flor
5817,2024cave,2024cafr
5822,2024ilpe,2024ilch
5826,2024mndu,2024wila
5827,2024wasno,2024wasam
5828,2024gadal,2024gaalb
5829,2024txkat,2024txsan
5830,2024vabla,2024mdowi
5834,2024onsca,2024onwin
5835,2024cave,2024caoc
5837,2024iacf
5841,2024mdsev,2024mdowi
5842,2024flwp,2024flor
5843,2024misjo,2024miliv
5847,2024ilpe,2024ilch
5848,2024gacar,2024gaalb
5851,2024utwv,2024nvlv
5856,2024ctwat
5857,2024cala,2024caav
5860,2024mimil,2024mimcc
5863,2024mslr
5866,2024txwac,2024txama
5869,2024caav
5870,2024onbar,2024onwin
5871,2024idbo
5872,2024flwp,2024flta,2024flor,2024lake
5874,2024mxto
5876,2024ausc
5878,2024miesc,2024milsu
5881,2024nytr
5883,2024tuhc
5885,2024onnob,2024onwin
5887,2024mxmo
5889,2024oktu,2024okok
5892,2024txbel,2024txcle
5894,2024txbel,2024txdal
5895,2024pahat,2024paben
5900,2024gadal,2024gacar
5901,2024midtr,2024midet
5902,2024marea,2024nhdur
5903,2024mndu,2024wila
5907,2024mike2,2024miliv
5908,2024txfor,2024txcle
5910,2024qcmo
5912,2024ontor,2024onwat
5913,2024mndu2,2024mnmi
5914,2024mndu,2024wila
5918,2024mokc
5919,2024ncpem,2024ncmec
5920,2024orore,2024wayak
5923,2024txkat,2024txcle
5924,2024casf,2024caoc
5926,2024misjo,2024mimcc
5927,2024misjo,2024miwmi
5928,2024isde1
5929,2024ndgf
5932,2024mxmo
5933,2024utwv,2024idbo
5934,2024ilpe,2024ilch
5935,2024iacf
5937,2024wasno,2024wabon
5940,2024casf,2024cafr
5941,2024wasno,2024wabon
5948,2024mxmo,2024mxpu
5951,2024isde1
5954,2024vaash,2024vagle
5959,2024mxmo
5962,2024mabri,2024mawor
5965,2024lake
5968,2024mose
5970,2024orore,2024orwil
5971,2024mslr,2024lake
5975,2024orsal,2024orwil
5980,2024milac,2024miwmi
5982,2024milac,2024mimid
5985,2024ausc,2024cabe,2024cmptx
5986,2024txwac,2024txama
5987,2024isde1
5988,2024ausc
5990,2024isde1
5992,2024njski,2024njwas
5993,2024nysu
5996,2024mnmi
5997,2024mslr
6000,2024cala
6002,2024mibat,2024miwmi
6004,2024ncwak,2024ncwa2
6005,2024mibat,2024mimus
6014,2024tuis,2024tuis2
6016,2024njfla,2024njwas
6017,2024mxmo
6023,2024gadal,2024gaalb
6024,2024tuhc,2024tuis3
6026,2024oktu,2024okok
6029,2024mibro,2024midtr
6032,2024paca,2024ohmv
6033,2024milac,2024mimtp
6036,2024caph,2024azva
6038,2024tuis
6044,2024mndu2
6045,2024mndu2,2024mnmi2
6047,2024mndu2
6055,2024arli
6057,2024mibel,2024miliv
6059,2024cafr,2024cabe
6060,2024cave,2024caav
6064,2024tuhc
6067,2024miket,2024mimid
6068,2024lake
6070,2024onosh,2024onwat
6071,2024mike2,2024mimid
6072,2024casd,2024caav
6073,2024mibat,2024mimid
6076,2024wayak,2024wasam
6077,2024milac,2024milsu
6078,2024mibat,2024milan
6079,2024miesc,2024milsu
6081,2024mibkn,2024miken
6083,2024ausc
6085,2024mike2,2024milan
6087,2024milac,2024mitvc
6088,2024miesc,2024milsu
6089,2024mibro,2024miliv
6090,2024mimus,2024miwmi
6091,2024mike2,2024mitvc
6094,2024mimus,2024miwmi
6096,2024midtr,2024midet
6097,2024mitvc,2024mimid
6098,2024milsu,2024mimcc
6099,2024midtr,2024mimcc
6100,2024mimus,2024mimtp
6101,2024mibel,2024miann
6104,2024isde1
6106,2024mxmo
6107,2024tnkn,2024alhu
6110,2024onosh,2024onnob
6112,2024miesc,2024mimtp
6113,2024miesc
6114,2024miwmi,2024miken
6120,2024mibel,2024mimcc
6121,2024milac
6122,2024milac,2024mitvc
6127,2024azva
6128,2024mimus,2024miken
6132,2024mndu2
6135,2024onsca,2024onwin
6140,2024ontor
6141,2024onsca,2024ontor
6146,2024ndgf,2024mnmi2
6147,2024mndu2
6150,2024mibkn
6152,2024miliv,2024midet
6153,2024nhgrs,2024melew
6155,2024txbel,2024txsan
6160,2024mndu
6161,2024melew,2024nhdur
6162,2024onwat,2024onwin
6166,2024wila
6167,2024scand,2024sccha
6168,2024isde1
6170,2024mxmo,2024mxpu
6171,2024txpla,2024txdal
6175,2024ndgf,2024mnmi2
6180,2024txwac,2024txhou
6181,2024ohcl
6184,2024flta,2024lake
6186,2024arli
6188,2024bcvi
6189,2024vabla,2024vapor
6190,2024miliv,2024midet
6191,2024ausc
6194,2024vabla,2024vagle
6199,2024mxto
6200,2024mxto
6201,2024marea,2024mabos
6213,2024mdsev,2024mdowi
6217,2024mndu,2024iacf
6220,2024caoc
6223,2024wimi,2024wila
6226,2024pahat,2024paben
6228,2024tuis
6230,2024isde1
6232,2024tuis
6237,2024ilpe,2024mosl
6238,2024casj,2024cabe
6239,2024vapor,2024mdsev
6240,2024ncwak,2024ncwa2
6300,2024flwp,2024nyro,2024nytr
6302,2024tnkn,2024ohmv
6305,2024cafr,2024caav
6317,2024flwp,2024ilpe,2024ilch
6318,2024mndu
6322,2024flor
6324,2024mabos,2024nhdur
6326,2024mdsev,2024mdowi
6328,2024nhgrs,2024marea
6329,2024nhgrs,2024melew
6333,2024rikin,2024mawor
6340,2024gadal,2024gacar
6343,2024orore,2024wayak,2024orwil
6344,2024mimil,2024miann
6345,2024miesc,2024milsu
6346,2024cthar,2024ctwat
6348,2024casj,2024mxto
6350,2024wasno,2024wabon
6351,2024bcvi
6352,2024azgl
6353,2024nyro
6357,2024txbel,2024txdal
6358,2024idbo
6364,2024bcvi,2024idbo
6366,2024scand,2024sccha
6367,2024mabri,2024mabos
6369,2024txbel,2024txama
6377,2024txwac,2024txsan
6381,2024mndu,2024wimi
6390,2024bcvi
6391,2024mose,2024mosl
6397,2024ontor,2024onham
6400,2024utwv
6401,2024nysu,2024nytr
6402,2024ilch
6404,2024brbr,2024alhu
6411,2024utwv
6413,2024azva,2024azgl
6415,2024tuhc
6417,2024tuhc,2024tuis3
6418,2024casf,2024camb
6419,2024mndu2,2024iacf
6420,2024mose,2024iacf
6421,2024mndu,2024wimi,2024ilch
6423,2024nysu,2024nyli2
6424,2024oktu,2024iacf,2024lake
6428,2024mimus,2024miwmi
6429,2024tuhc
6430,2024tuhc
6431,2024tuis2,2024idbo
6432,2024ausc
6434,2024ausc
6436,2024tuis,2024tuis3
6443,2024orore,2024wayak,2024orwil
6453,2024ndgf
6455,2024iacf
6459,2024tuis2,2024tuis3
6463,2024nysu,2024nytr
6465,2024orsal,2024orwil
6473,2024flta,2024flor
6476,2024ausc
6479,2024azgl,2024caav
6483,2024mxmo
6487,2024ausc
6488,2024txkat,2024txhou
6498,2024incol,2024ineva
6500,2024ncpem,2024ncwa2
6502,2024ncwak,2024ncwa2
6506,2024camb
6508,2024ausc
6510,2024ausc,2024nvlv,2024lake
6512,2024ncwak,2024ncmec
6514,2024onnew,2024onnob
6515,2024casd
6517,2024tnkn,2024alhu
6520,2024hiho
6526,2024txpla,2024txdal
6527,2024flor
6528,2024mibro,2024miann
6532,2024mitry,2024midet
6533,2024mimid,2024mimtp
6538,2024mibel
6540,2024qcmo
6548,2024milan,2024mimtp
6556,2024mibkn,2024milan
6558,2024miesc,2024milsu
6560,2024utwv,2024azva
6561,2024mibat,2024mimus
6566,2024mitry,2024mimcc
6567,2024mitry,2024mimcc
6569,2024miesc,2024milsu
6570,2024mibkn,2024mibel
6574,2024mndu2,2024wimi,2024ilch
6586,2024arli,2024lake
6588,2024miber,2024misjo
6591,2024mibkn,2024milan
6593,2024nysu
6605,2024mxpu
6606,2024mxpu
6608,2024mxpu
6610,2024miket,2024milan
6615,2024mibel,2024miann
6616,2024mitry,2024midet
6618,2024mibat,2024mibro
6619,2024cada,2024cabe
6620,2024rikin,2024mawor
6621,2024nyro,2024nytr
6622,2024qcmo
6628,2024ndgf
6631,2024miket,2024mimid
6632,2024ontor,2024onwin
6636,2024nyny
6637,2024miesc,2024milsu
6639,2024ncash,2024ncmec
6642,2024milac,2024mimtp
6643,2024wimi
6645,2024txkat,2024txcle
6647,2024mxmo,2024mxpu,2024okok
6648,2024nytr,2024nyny
6651,2024ilpe,2024wila
6652,2024alhu
6657,2024cafr,2024caav
6658,2024caph,2024cala
6662,2024casf,2024cafr
6665,2024camb
6672,2024txfor,2024txdal
6676,2024mxmo
6686,2024flwp
6690,2024rikin,2024nhdur
6691,2024mabos,2024nhdur
6694,2024mxmo,2024mxpu
6695,2024casd
6696,2024orore,2024orwil
6702,2024mxto
6704,2024hiho
6705,2024gadal,2024gacar
6706,2024iacf,2024zhha
6709,2024mndu,2024mnmi2
6711,2024cafr
6712,2024gadal,2024gacar
6721,2024inmis,2024inpla
6722,2024flta,2024flor
6723,2024ctwat,2024mawne
6725,2024onwat,2024onwin
6729,2024ncpem,2024ncmec
6731,2024mabri,2024mawor
6732,2024wila
6738,2024isde1
6740,2024isde1
6741,2024isde1
6743,2024flwp
6744,2024mosl
6749,2024mnmi2
6753,2024mike2,2024mimid
6758,2024mndu2
6762,2024melew,2024nhdur
6764,2024caph,2024cave
6768,2024txpla,2024txama
6800,2024txwac,2024txsan
6802,2024vabla,2024vagle
6804,2024cafr
6805,2024iacf,2024mokc
6806,2024nysu,2024nyli2
6808,2024pahat,2024paphi
6809,2024oktu,2024okok
6814,2024casf,2024cabe
6817,2024mosl
6822,2024casf
6823,2024mose,2024wimi
6824,2024nvlv
6825,2024nvlv
6829,2024gagwi,2024gaalb
6831,2024orore,2024wayak
6832,2024mxmo,2024mxpu
6833,2024azva,2024azgl
6834,2024paca
6838,2024tuis,2024tuhc
6843,2024mokc
6845,2024orsal,2024wayak,2024orwil
6854,2024onnew,2024onham
6859,2024onbar,2024onnob
6860,2024njtab,2024njski
6861,2024mimil,2024miliv
6863,2024vaash,2024mdowi
6864,2024onbar,2024onnob
6865,2024onham,2024cmptx
6866,2024onosh,2024ontor
6868,2024nyro
6869,2024qcmo
6872,2024qcmo
6874,2024tuis2
6875,2024onwat,2024onwin
6877,2024mimus,2024miwmi
6880,2024nysu
6882,2024vapor,2024vagle
6884,2024camb,2024cabe
6885,2024cave,2024casd
6887,2024gadal,2024gacar
6888,2024ncash,2024ncmec
6894,2024ncpem,2024ncmec
6895,2024melew,2024nhdur
6896,2024mxto
6897,2024njall,2024njski
6901,2024txpla,2024txdal
6902,2024bcvi
6904,2024cala
6905,2024gadal,2024gaalb
6907,2024azva
6908,2024ncwak,2024ncmec
6909,2024hiho
6910,2024gagwi,2024sccha
6911,2024nysu,2024nytr
6914,2024mibro,2024miliv
6918,2024casj,2024camb
6919,2024gadal,2024gaalb
6920,2024hiho
6921,2024njtab,2024paben
6925,2024sccha,2024gaalb
6929,2024qcmo
6932,2024ncash,2024ncmec
6933,2024mawne,2024mawor
6934,2024cave
6936,2024ohmv
6940,2024tuis3
6941,2024tuis,2024tuis2
6944,2024gadal,2024gacar
6945,2024njfla,2024njwas
6947,2024cada,2024cafr
6948,2024tuis,2024flor
6956,2024inmis,2024inpla
6961,2024scand,2024sccha
6962,2024casf,2024camb
6963,2024mitvc,2024mimtp
6964,2024ohcl,2024ohmv
6968,2024nvlv
6969,2024nysu,2024nytr
6974,2024txwac,2024txama
6975,2024onnew,2024ontor
6977,2024onsca,2024ontor
6978,2024onnew,2024onwat
6981,2024cada
6985,2024tuis2,2024tuhc
6987,2024onnew,2024onnob
6988,2024tuis2
6989,2024tuis2,2024tuis3
6992,2024onwat,2024onwin
6995,2024cave,2024casd,2024caoc
6996,2024ausc
6998,2024cafr
7018,2024mxto
7019,2024mnmi
7021,2024iacf,2024wila
7022,2024onbar,2024onwat
7028,2024ndgf,2024mnmi2
7030,2024nytr
7031,2024nytr
7033,2024brbr
7034,2024orore,2024orwil
7035,2024tuhc
7036,2024nyro,2024nyny
7037,2024mxto
7038,2024mndu,2024mnmi2
7039,2024isde1
7040,2024mxto
7042,2024cala,2024caoc
7045,2024njski,2024njwas
7048,2024ndgf,2024mnmi2
7050,2024tuhc
7054,2024misjo,2024miwmi
7056,2024mimil,2024milan
7058,2024ontor,2024onham
7064,2024mokc
7067,2024isde1
7068,2024mndu
7072,2024flta,2024flor
7077,2024nvlv
7085,2024scand,2024sccha
7086,2024tuhc
7088,2024txsan,2024txama
7091,2024txpla,2024txdal
7094,2024mslr
7102,2024mxmo,2024mxpu
7103,2024wimi,2024wila
7104,2024scand,2024sccha
7109,2024mimtp
7110,2024njtab,2024njski
7111,2024flta,2024alhu
7112,2024isde1
7113,2024ausc
7115,2024txhou,2024txcle
7117,2024mosl
7119,2024txpla,2024txdal
7121,2024txpla,2024txdal
7125,2024txwac,2024txama
7127,2024cthar,2024mawne
7128,2024ausc
7130,2024casf,2024cada
7135,2024bcvi
7136,2024ontor,2024onham
7137,2024cala,2024cabe
7138,2024txbel,2024txsan
7145,2024midtr,2024midet
7147,2024mibel,2024miann
7153,2024rikin,2024mawne
7154,2024miesc,2024milsu
7155,2024milac,2024mitvc
7157,2024caph,2024caoc
7160,2024mitvc,2024mimtp
7161,2024mxto
7165,2024ohcl,2024ohmv
7166,2024miket,2024milan
7167,2024bcvi
7173,2024bcvi
7174,2024mibro,2024miliv
7177,2024isde1
7178,2024mimil,2024mitry
7183,2024nvlv
7188,2024mitry
7190,2024bcvi
7191,2024mibro,2024miann
7195,2024mike2,2024milan
7196,2024midtr,2024midet
7197,2024mibkn,2024mimcc
7198,2024inmis,2024incol
7200,2024onnew,2024onham
7201,2024nyny
7202,2024miket,2024milsu
7203,2024mibat,2024miken
7210,2024misjo
7211,2024mibel,2024miwmi
7214,2024azva,2024nvlv
7220,2024mibel
7221,2024mibkn,2024miliv
7224,2024midtr,2024midet
7225,2024mimil,2024milan
7226,2024mibkn,2024mimtp
7228,2024tuis3
7230,2024cala
7235,2024ndgf,2024nvlv
7237,2024ilch
7243,2024code
7245,2024cabe
7247,2024miket
7248,2024miwmi,2024miken
7250,2024milsu,2024mimid
7254,2024mibkn,2024milan
7255,2024mslr
7256,2024mibat,2024miwmi
7257,2024ndgf,2024mnmi2
7271,2024txfor,2024txama
7272,2024nyny
7273,2024mndu2
7274,2024paca
7287,2024bcvi
7288,2024lake
7289,2024mibkn,2024mike2
7292,2024tuis3
7296,2024tuis3
7309,2024iacf
7312,2024txkat,2024txcle
7314,2024marea,2024nhdur
7318,2024nysu
7321,2024txfor,2024txdal
7323,2024cave
7327,2024cave
7332,2024bcvi
7401,2024cabe
7403,2024flor
7407,2024cthar,2024mawne
7413,2024casj,2024camb
7414,2024pahat,2024paben
7415,2024cala,2024caoc
7417,2024ilpe
7418,2024txkat,2024txcle
7419,2024azgl,2024cabe
7421,2024mxmo,2024ksla
7423,2024nvlv
7425,2024nvlv
7426,2024utwv,2024nvlv
7428,2024tnkn,2024mslr
7431,2024tnkn,2024flor
7433,2024ausc
7436,2024utwv
7439,2024tuis3
7441,2024casd
7443,2024ncpem,2024ncwa2
7444,2024tuis,2024tuhc,2024caav
7447,2024caoc
7451,2024gadal,2024gacar
7452,2024mosl
7454,2024incol,2024ineva
7457,2024incol,2024inpla
7458,2024tuis
7459,2024brbr,2024flor
7460,2024ohcl,2024ohmv
7461,2024wabon,2024wasam
7464,2024okok
7465,2024tuis
7466,2024tuis2
7470,2024gagwi,2024gaalb
7471,2024qcmo
7472,2024mosl
7475,2024ontor,2024onham
7476,2024onnew,2024onnob
7477,2024inmis,2024inpla
7479,2024code
7480,2024onnew,2024onnob
7483,2024arli,2024lake
7485,2024code
7491,2024miket,2024mimid
7492,2024txkat,2024txfor
7496,2024mosl
7497,2024ausc
7500,2024flta,2024alhu
7501,2024mibkn,2024mimus
7503,2024txpla,2024txfor
7504,2024nysu,2024nytr
7506,2024txfor,2024txdal
7509,2024onwat,2024onham
7514,2024gadal,2024gaalb
7515,2024paca,2024ohcl
7516,2024tnkn
7520,2024onsca,2024ontor
7522,2024tuhc,2024tuis3
7523,2024ausc
7525,2024arli,2024ohcl
7528,2024cada,2024camb
7530,2024mndu2
7531,2024iacf,2024mokc
7534,2024txfor,2024txama
7536,2024tuis,2024tuhc
7538,2024gadal,2024gagwi
7539,2024tuhc,2024tuis3
7540,2024txfor,2024txama
7541,2024iacf
7546,2024mxmo
7551,2024tuis,2024tuis2
7553,2024mimil,2024miliv
7558,2024onsca,2024ontor
7560,2024ilch
7561,2024ausc
7563,2024brbr
7565,2024brbr,2024cmptx
7567,2024brbr
7570,2024tuis2,2024lake
7575,2024tuhc
7576,2024tuis2,2024tuis3
7577,2024mxto
7578,2024mnmi2
7583,2024ausc
7587,2024njski,2024paben
7589,2024cafr
7597,2024mitry,2024mimcc
7598,2024mibel,2024miwmi
7602,2024mimus
7603,2024onsca
7605,2024qcmo,2024nytr
7607,2024caoc,2024caav
7611,2024nyny
7616,2024txkat,2024txsan
7617,2024incol,2024inpla
7619,2024mndu2,2024wila
7621,2024txwac,2024txsan
7623,2024onham
7627,2024wasno,2024wabon
7632,2024tuis,2024tuis2
7634,2024utwv,2024idbo
7636,2024tuis,2024tuis2
7645,2024azva,2024azgl
7652,2024flwp
7653,2024mxto
7654,2024nvlv
7656,2024mibkn,2024mitr2
7657,2024incol,2024ineva
7658,2024mibat,2024miken
7659,2024onsca,2024onham
7660,2024mimil,2024miann
7662,2024mose
7667,2024cada,2024cabe
7668,2024nysu,2024nyny
7669,2024mxto
7671,2024ncwak,2024ncwa2
7672,2024tuhc,2024tuis3
7673,2024nvlv,2024caav
7674,2024marea,2024nhdur
7676,2024scand,2024gaalb
7677,2024ndgf,2024mnmi2
7682,2024caav
7683,2024tuis
7686,2024cada
7687,2024mxto
7688,2024bcvi
7690,2024onbar,2024onwin
7691,2024txhou,2024txcle
7692,2024miliv,2024midet
7694,2024cthar,2024ctwat
7700,2024qcmo
7703,2024azgl
7709,2024nyro,2024nytr
7712,2024onsca,2024onosh
7713,2024miesc
7716,2024mitry,2024midet
7717,2024alhu
7718,2024nysu,2024nytr
7722,2024onbar,2024onwat
7724,2024idbo,2024hiho
7725,2024mxmo,2024mxpu
7729,2024tuis2,2024cabe
7730,2024nysu,2024nyny
7737,2024code
7738,2024ausc
7742,2024tuis
7744,2024oktu
7747,2024mose
7748,2024nysu,2024tuis3
7755,2024azva,2024azgl
7757,2024onnew,2024onnob
7758,2024tuis
7759,2024nysu
7760,2024cthar,2024mawor
7762,2024mitry,2024mimcc
7763,2024ncwak,2024ncash
7768,2024miesc,2024mimtp
7769,2024midtr,2024mitr2
7770,2024mdsev,2024mdowi
7772,2024mike2,2024mimid
7777,2024caph,2024camb
7782,2024miesc,2024milsu
7784,2024miket,2024mike2
7790,2024mibkn,2024mitvc
7794,2024miesc,2024milsu
7796,2024bcvi
7797,2024mndu
7808,2024milac,2024mitvc
7809,2024misjo
7810,2024miber,2024mimus
7811,2024mibat,2024misjo
7813,2024mimcc
7814,2024miber,2024misjo
7818,2024miket,2024milan
7826,2024miesc,2024mimtp
7830,2024tuis
7833,2024flwp
7840,2024tuis,2024cabe
7845,2024isde1
7848,2024ilpe,2024iacf
7849,2024mnmi2
7850,2024mnmi
7855,2024milac,2024mitvc
7856,2024midtr,2024midet
7858,2024mnmi2
7864,2024mndu
7865,2024midtr,2024mitr2
7869,2024ctwat
7885,2024ohcl
7886,2024mdsev,2024mdowi
7890,2024ncwak,2024ncash
7895,2024utwv,2024idbo
7900,2024wimi
7902,2024onsca,2024onosh
7903,2024nyro
7906,2024utwv
7907,2024melew,2024mabos
7911,2024mimus,2024miken
7913,2024nhgrs,2024marea
7915,2024mndu,2024mnmi2
8005,2024cave,2024nvlv
8006,2024caph,2024caav
8011,2024ausc
8012,2024azva
8013,2024cthar,2024mawor
8015,2024cada
8016,2024casf
8019,2024txbel,2024txdal
8020,2024caph,2024nyli2
8022,2024nvlv
8023,2024nhgrs,2024melew
8024,2024ilpe,2024wila
8029,2024wimi,2024ilch
8030,2024ncmec
8032,2024waahs,2024wabon
8033,2024casf,2024caoc
8041,2024milac,2024mitvc
8042,2024tuhc
8044,2024arli,2024mslr,2024lake
8045,2024casf,2024cabe
8046,2024mabri,2024nhdur
8048,2024casj,2024cada
8051,2024waahs,2024wasam
8054,2024tuis2,2024tuis3
8056,2024tuis2
8057,2024flwp,2024flor
8058,2024tuis2,2024tuhc
8060,2024cave
8064,2024okok
8066,2024flor
8067,2024qcmo,2024lake
8069,2024mosl
8070,2024tuis3
8071,2024tuhc
8075,2024njfla,2024njski
8077,2024mosl
8079,2024tuis2,2024tuis3
8080,2024gadal,2024gacar
8081,2024onbar,2024onwin
8084,2024tuis2,2024tuhc
8085,2024cthar,2024mawne
8086,2024okok
8087,2024utwv,2024azva
8088,2024txwac,2024txfor
8089,2024onnew,2024onwat
8090,2024ncwak,2024ncwa2
8092,2024tuis2
8096,2024paca,2024wimi,2024ilch
8100,2024gagwi,2024gacar
8103,2024inmis,2024incol
8104,2024flor
8105,2024mxto
8112,2024oktu,2024mokc
8114,2024txbel,2024txsan
8115,2024miliv,2024mimcc
8116,2024incol,2024ineva
8117,2024njfla,2024njwas
8118,2024mslr,2024lake
8119,2024caph,2024casd
8122,2024mndu2,2024ilpe,2024ilch
8124,2024mibro
8126,2024mibat,2024mitr2
8127,2024tuis,2024tuis2
8130,2024njtab,2024njski
8132,2024qcmo
8136,2024tuhc
8137,2024scand,2024sccha
8140,2024ohcl,2024ohmv
8144,2024txkat,2024txhou
8145,2024ohcl,2024ohmv
8146,2024tuis3
8151,2024tuis2,2024tuis3
8152,2024qcmo
8153,2024tuis2,2024tuhc
8158,2024tuhc
8159,2024tuis3,2024cabe
8166,2024tuhc,2024tuis3
8169,2024tuis,2024tuis2
8173,2024tuhc
8174,2024utwv
8175,2024isde1
8177,2024txkat,2024txcle
8179,2024mibel,2024miliv
8182,2024tuis3
8188,2024ndgf,2024mnmi2
8191,2024nyny
8193,2024mike2,2024mimid
8197,2024mdsev,2024mdowi
8205,2024ncpem,2024ncwa2
8209,2024tuis2
8214,2024tuhc
8220,2024tuhc
8222,2024ohcl,2024ohmv
8223,2024isde1
8224,2024qcmo
8230,2024vabla,2024vafal
8234,2024mnmi
8243,2024ohcl,2024ohmv
8248,2024wasno,2024wasam
8255,2024ndgf,2024mnmi2
8261,2024tuis2
8263,2024tuis
8264,2024nysu
8266,2024mxto
8267,2024nyli2
8276,2024brbr
8280,2024midtr,2024midet
8285,2024mimus,2024miken
8286,2024mitvc,2024mimtp
8290,2024mxto
8291,2024mxto
8293,2024mxto
8297,2024miann
8298,2024mndu,2024iacf
8300,2024mibkn,2024miann
8302,2024waahs,2024wabon
8303,2024waahs,2024wabon
8304,2024ncpem,2024ncwa2
8308,2024tuhc
8324,2024flwp,2024flta,2024flor
8326,2024vaash,2024mdsev
8334,2024code
8338,2024bcvi
8339,2024bcvi
8349,2024onnew,2024onham
8352,2024midtr,2024midet
8362,2024mibro,2024midet
8364,2024mimil,2024mitry
8369,2024txkat,2024txama
8370,2024txhou,2024txcle
8372,2024mnmi2
8373,2024mibkn,2024mibel
8374,2024mibkn,2024milan
8385,2024mike2
8387,2024nvlv
8392,2024txhou
8393,2024ohcl,2024ohmv
8397,2024miwmi,2024miken
8404,2024cada,2024cafr
8408,2024txwac,2024txama
8410,2024melew,2024nhdur
8421,2024melew,2024mabos
8422,2024mndu
8423,2024mibkn
8424,2024mibkn,2024milan
8426,2024mibro,2024miliv
8427,2024mibro,2024miliv
8429,2024ncwak,2024ncash
8430,2024incol,2024ineva
8500,2024tuhc,2024tuis3
8503,2024bcvi,2024ausc
8507,2024txbel,2024txama
8512,2024txfor
8513,2024njfla,2024njski
8514,2024mdsev,2024mdowi
8515,2024txkat,2024txhou
8516,2024mndu,2024mnmi2
8517,2024milac,2024mimid
8519,2024mimil,2024mibel
8521,2024cave,2024caoc
8522,2024misjo,2024milan
8528,2024txwac,2024txama
8531,2024wimi,2024wila
8532,2024orsal,2024wayak
8533,2024cave
8544,2024rikin,2024mawor
8546,2024casj,2024idbo
8551,2024idbo
8556,2024txkat,2024txhou
8557,2024tuis,2024tuhc
8558,2024mxto
8561,2024tuis,2024tuis3
8564,2024incol,2024ineva
8567,2024mabri,2024mabos
8569,2024caav
8570,2024tuis2,2024nyny
8572,2024ontor,2024onwin
8573,2024txpla,2024txsan
8574,2024onsca,2024ontor
8575,2024scand,2024sccha
8576,2024txkat,2024txsan
8577,2024gagwi,2024gacar
8581,2024flor,2024ilch
8584,2024tuis
8586,2024ndgf
8588,2024njfla,2024njall
8590,2024vaash,2024vafal
8591,2024txhou
8592,2024vaash,2024mdowi
8595,2024nyro,2024nyli2
8598,2024txbel,2024txdal
8600,2024caoc
8602,2024flor
8604,2024mabos,2024mawor
8608,2024mibat,2024milan
8610,2024txbel,2024txsan
8611,2024milac,2024mitvc
8612,2024mimus,2024miken
8613,2024tuis
8615,2024hiho
8622,2024mdsev,2024mdowi
8623,2024mibro,2024miliv
8624,2024flta,2024alhu
8625,2024txbel,2024txama
8626,2024mabri,2024mabos
8628,2024njall,2024njwas
8630,2024njtab,2024njwas
8700,2024mndu2,2024wila
8701,2024wimi,2024wila
8704,2024njfla,2024paphi
8705,2024paca
8706,2024njtab,2024njwas
8707,2024njall,2024njwas
8708,2024nhgrs,2024nhdur
8709,2024ctwat,2024mawne,2024mawor
8711,2024oktu,2024okok
8713,2024ohcl
8714,2024njski,2024paben
8717,2024nvlv
8718,2024ohcl
8719,2024ksla,2024mosl
8721,2024njtab,2024paphi
8724,2024nhgrs,2024marea
8725,2024tuis,2024tuis2
8726,2024mdsev,2024mdowi
8727,2024ncpem,2024ncash
8728,2024mibkn,2024miann
8729,2024onnew,2024onnob
8731,2024onosh,2024onnob
8732,2024txpla,2024txdal
8734,2024mxmo
8736,2024scand,2024gagwi
8737,2024iacf
8738,2024ncpem,2024ncwa2
8739,2024nyny
8740,2024mxmo
8741,2024mxmo
8742,2024incol,2024inpla
8744,2024wimi,2024iacf
8746,2024ncwak,2024ncwa2
8747,2024tuis2
8748,2024mxpu
8749,2024txbel,2024txdal
8750,2024txsan,2024txcle
8752,2024flwp,2024mxpu
8753,2024flor
8756,2024idbo
8757,2024ncwak,2024ncmec
8758,2024ncwak,2024ncwa2
8760,2024utwv
8761,2024gadal,2024gacar
8762,2024tuis3
8763,2024cala
8764,2024onnew,2024onham
8765,2024onbar,2024onwat
8766,2024iacf
8767,2024miket,2024miken
8768,2024cave,2024cafr
8769,2024txwac,2024txdal
8770,2024iacf
8771,2024njfla,2024njwas
8772,2024alhu
8773,2024alhu
8774,2024miliv
8775,2024flwp,2024flor
8777,2024tuhc
8778,2024flta
8780,2024tuis
8782,2024wila
8783,2024tuis3
8784,2024tuis
8785,2024tuhc
8787,2024mnmi
8788,2024flta,2024flor
8789,2024onbar,2024onwin
8790,2024hiho
8791,2024flor
8793,2024casf,2024cabe
8795,2024tuis2
8796,2024tuis
8798,2024tuis3
8799,2024tuis2
8800,2024tuis2
8802,2024wimi,2024wila
8803,2024mndu2,2024wila
8804,2024ncwak,2024ncwa2
8805,2024caoc
8806,2024tuis,2024tuis2
8808,2024mslr,2024lake
8814,2024ausc
8815,2024gagwi,2024gaalb
8816,2024txdal,2024txama
8817,2024flwp,2024flor
8818,2024txkat,2024txcle
8819,2024txsan,2024txcle
8821,2024iacf
8822,2024iacf
8824,2024iacf
8825,2024ksla,2024mokc
8826,2024mitry,2024mimcc
8827,2024txbel,2024txdal
8828,2024tuis3
8832,2024mibel,2024miann
8836,2024mndu
8839,2024utwv,2024idbo
8840,2024casf
8841,2024flta,2024flor,2024alhu
8844,2024ausc
8847,2024wimi
8848,2024azgl
8849,2024gadal,2024gaalb
8852,2024casf,2024cabe
8853,2024hiho
8858,2024txwac,2024txdal
8861,2024flwp
8862,2024tuis3
8863,2024tuis
8865,2024gagwi,2024gacar
8866,2024gadal,2024gacar
8870,2024casd
8871,2024nysu,2024nyro,2024hiho
8872,2024gagwi,2024gaalb
8873,2024milac,2024mitvc
8874,2024txwac,2024txdal
8878,2024ndgf,2024mnmi2
8879,2024txbel,2024txcle
8880,2024ilch
8881,2024tuis3
8882,2024brbr
8884,2024onosh,2024onwin
8885,2024utwv
8887,2024mnmi2
8888,2024casd
8889,2024ctwat,2024mawne
8891,2024caph,2024casd
8895,2024mibel,2024miann
8896,2024waahs,2024wabon
8898,2024cala
8899,2024mimcc
9001,2024tuis,2024tuis2
9002,2024nvlv
9003,2024vabla,2024vapor
9004,2024paca
9005,2024ncpem,2024ncmec
9006,2024camb
9007,2024oktu
9008,2024ncpem,2024ncwa2
9012,2024hiho
9015,2024njall,2024paben
9016,2024nysu,2024nyli2
9018,2024nvlv
9019,2024azva,2024hiho
9020,2024tuis2,2024alhu
9021,2024tuis3
9022,2024paca
9023,2024waahs,2024wasam
9024,2024tuis,2024tuis2
9025,2024tuhc
9026,2024tuis
9027,2024pahat,2024paben
9028,2024tuis3
9029,2024tuis2,2024tuis3
9030,2024casd
9031,2024mose,2024mosl
9032,2024ncash,2024ncwa2
9033,2024vabla,2024vafal
9034,2024txpla,2024txdal
9036,2024wasno,2024wasam
9037,2024utwv,2024caoc
9038,2024casj,2024cabe
9040,2024flwp
9041,2024tuhc
9042,2024ncpem,2024ncash
9043,2024tuis,2024tuis2
9044,2024utwv,2024idbo
9045,2024brbr
9046,2024brbr
9047,2024brbr
9048,2024brbr
9049,2024brbr
9050,2024brbr
9051,2024txkat,2024txsan
9052,2024nyny
9053,2024mxmo
9054,2024txbel,2024txsan
9055,2024nhgrs,2024melew
9056,2024nhgrs,2024mawor
9057,2024gadal,2024gacar
9059,2024azva,2024azgl
9060,2024mxpu
9061,2024iacf
9062,2024onnew,2024onwat
9065,2024mxmo
9066,2024brbr
9067,2024arli,2024alhu
9068,2024code
9070,2024tuhc
9071,2024inmis,2024inpla
9072,2024mdsev,2024mdowi
9073,2024arli,2024alhu
9074,2024tuis3
9075,2024ohcl
9076,2024qcmo,2024nytr
9077,2024tuis3
9080,2024txfor,2024txama
9081,2024txkat,2024txfor,2024txcle
9082,2024ilch
9084,2024cave,2024casd
9085,2024brbr
9086,2024gagwi,2024sccha
9088,2024txwac,2024txfor
9089,2024tuis2
9091,2024azva,2024azgl
9092,2024iacf
9093,2024tuis2
9094,2024njtab,2024paphi
9095,2024tuis
9096,2024melew,2024nhdur
9097,2024tnkn,2024ohmv
9098,2024onnew,2024onbar
9099,2024nyny
9100,2024njall,2024paben
9101,2024melew,2024mawor
9102,2024qcmo
9103,2024mxto
9105,2024txfor,2024txama
9106,2024mibat,2024mimus
9108,2024brbr
9110,2024brbr
9111,2024casf,2024cabe
9112,2024code
9114,2024casj,2024idbo
9116,2024njfla,2024njski
9118,2024mxto
9119,2024inmis,2024inpla
9120,2024mxto
9121,2024txkat,2024txbel
9124,2024tuis
9125,2024casj,2024nvlv
9126,2024mose
9127,2024onnew,2024onnob
9128,2024txpla,2024txcle
9132,2024tuis2
9134,2024mxto
9136,2024txsan,2024txama
9137,2024txbel,2024txama
9138,2024utwv
9139,2024paca
9140,2024txbel,2024txdal
9142,2024tuis
9143,2024casf,2024cafr
9144,2024ausc
9146,2024ausc
9147,2024ausc
9148,2024miliv,2024mimcc
9149,2024wila
9150,2024ncwak,2024ncash
9151,2024nvlv
9152,2024tnkn,2024alhu
9153,2024mslr,2024lake
9155,2024tuis
9156,2024txfor,2024txdal
9157,2024mnmi
9159,2024tuis2
9160,2024tuis3
9162,2024brbr
9163,2024brbr
9164,2024brbr
9165,2024brbr
9166,2024brbr
9168,2024brbr
9169,2024brbr
9172,2024cave
9174,2024tuis2
9175,2024brbr
9176,2024mitvc,2024mimtp
9178,2024brbr
9180,2024bcvi
9181,2024txsan,2024txhou
9182,2024mimil,2024mibro
9183,2024mibkn,2024miann
9185,2024tuis3
9188,2024miesc,2024milsu
9189,2024ausc
9190,2024ausc
9193,2024cthar,2024ctwat
9194,2024ohcl
9195,2024brbr
9196,2024brbr
9198,2024ncpem,2024ncmec
9199,2024brbr
9200,2024brbr
9201,2024flwp
9202,2024cabe
9203,2024mibat,2024milan
9204,2024mimil,2024miann
9205,2024milsu,2024miwmi
9206,2024miwmi,2024miken
9207,2024mike2
9208,2024miber,2024mimus
9209,2024mibkn,2024miann
9210,2024mibkn,2024miann
9211,2024mibel
9212,2024miann,2024mimcc
9213,2024mxmo
9215,2024mibat
9218,2024brbr
9219,2024brbr
9220,2024nyli2
9223,2024mimus,2024miwmi
9225,2024milac,2024mimus
9226,2024mibro,2024miliv
9227,2024milac,2024mimid
9228,2024miber,2024misjo
9231,2024tuis,2024tuhc
9232,2024tuis,2024tuis3
9233,2024nyny
9234,2024qcmo
9235,2024vapor,2024vafal
9237,2024mike2,2024milan
9238,2024mibat,2024milan
9239,2024mibat,2024misjo
9240,2024lake
9241,2024miann,2024milan
9242,2024miket,2024mitr2
9243,2024idbo
9244,2024oktu
9245,2024miket,2024mimid
9247,2024tuis,2024tuhc
9248,2024mimus,2024miwmi
9249,2024miesc,2024milsu
9251,2024mike2
9252,2024mitry,2024mitr2
9255,2024mibro,2024midtr
9259,2024ncwak,2024ncwa2
9260,2024gacar,2024gaalb
9261,2024brbr
9262,2024onsca,2024ontor
9263,2024onsca,2024onham
9264,2024tuis
9265,2024tuis2
9269,2024iacf
9271,2024caoc
9272,2024bcvi
9277,2024bcvi
9280,2024mxmo,2024mxpu
9281,2024tuhc,2024tuis3
9282,2024mxmo,2024mxpu
9284,2024bcvi,2024casf
9286,2024mabri,2024rikin
9287,2024nvlv
9289,2024txkat,2024txcle
9292,2024bcvi
9295,2024nyny
9297,2024ncash,2024ncwa2
9298,2024ncash,2024ncmec
9300,2024flta,2024flor
9301,2024caoc
9302,2024brbr
9303,2024isde1
9304,2024isde1
9305,2024brbr
9307,2024txkat,2024txhou
9309,2024mslr,2024lake
9311,2024txwac,2024txsan
9312,2024mibkn,2024mimcc
9313,2024flwp,2024flta,2024alhu
9314,2024idbo
9315,2024scand,2024sccha
9316,2024mokc
9400,2024cave,2024cafr,2024nvlv
9401,2024mosl,2024okok
9402,2024flwp,2024flor
9403,2024vabla,2024vafal
9404,2024flwp,2024flta
9405,2024lake
9406,2024qcmo,2024ilch
9407,2024txpla,2024txfor
9408,2024caph,2024cala
9409,2024tuis2,2024tuis3
9410,2024oktu,2024mokc
9411,2024ausc
9414,2024arli
9415,2024paca
9416,2024paphi,2024paben
9418,2024txbel,2024txdal
9419,2024txsan,2024txcle
9421,2024cave
9422,2024tuis2
9423,2024utwv
9424,2024njfla,2024njall
9425,2024wimi
9426,2024cada,2024nvlv
9427,2024ausc
9428,2024mose,2024mosl
9429,2024arli
9430,2024orore,2024orwil
9431,2024inmis,2024inpla
9432,2024azva,2024azgl
9433,2024ausc
9434,2024tuhc
9435,2024mslr,2024lake
9436,2024tuhc
9437,2024nyny
9438,2024orore,2024wayak,2024idbo
9439,2024njfla,2024njwas
9440,2024tuis,2024tuis3
9441,2024tuis3
9442,2024waahs,2024wasam
9443,2024nhgrs,2024marea
9444,2024txsan
9445,2024ksla
9446,2024waahs,2024wabon
9447,2024tuhc
9448,2024txkat,2024txbel
9449,2024bcvi
9450,2024wasno,2024wasam
9451,2024tuis2,2024tuis3
9452,2024cave,2024casd
9453,2024incol,2024ineva
9454,2024tuis2
9455,2024mimil,2024mitr2
9456,2024lake
9457,2024txama
9458,2024brbr
9459,2024brbr
9460,2024brbr
9461,2024brbr
9462,2024oktu,2024okok
9464,2024tuhc
9465,2024bcvi
9467,2024tuis3
9468,2024tuis2,2024tuhc
9469,2024tuhc
9470,2024casj,2024cabe
9471,2024caav
9472,2024oktu,2024okok
9473,2024tuis3,2024lake
9474,2024ndgf
9475,2024paca
9476,2024alhu
9477,2024gadal,2024gagwi
9478,2024txkat,2024txhou
9479,2024tuis2
9480,2024gadal,2024gagwi
9481,2024brbr,2024flta
9482,2024brbr
9483,2024tuis2,2024tuis3
9484,2024brbr,2024nytr
9485,2024brbr
9486,2024brbr
9487,2024brbr
9489,2024flta
9490,2024tuhc
9491,2024incol,2024ineva
9492,2024txfor,2024txama
9493,2024flta
9494,2024hiho
9495,2024iacf,2024okok
9496,2024vabla,2024ncash,2024ncmec
9497,2024tuis2
9498,2024hiho
9499,2024mxto
9500,2024gadal,2024gacar
9501,2024azva
9502,2024tuhc
9503,2024mslr
9504,2024casj
9505,2024caph,2024caoc
9506,2024txbel,2024txdal
9508,2024iacf
9509,2024nyny
9510,2024lake
9512,2024txkat,2024txhou
9513,2024mxto
9514,2024txkat,2024txcle
9515,2024txkat,2024txhou
9516,2024txhou,2024txcle
9517,2024txkat,2024txhou
9518,2024mxmo
9519,2024tuis,2024cabe
9520,2024caph,2024caoc
9521,2024txkat,2024txhou
9522,2024gagwi,2024gacar
9523,2024tuhc,2024tuis3
9524,2024txbel,2024txsan
9525,2024onbar,2024onwat
9527,2024onsca,2024onwin
9528,2024mitry,2024mimcc
9529,2024tuis2
9530,2024inmis,2024inpla
9532,2024mndu
9533,2024txwac,2024txpla
9534,2024nvlv
9535,2024wimi,2024mnmi2
9538,2024caph
9539,2024nvlv
9541,2024mitvc,2024mimtp
9542,2024mibat,2024miken
9543,2024iacf
9545,2024tuis3,2024cabe
9546,2024camb
9547,2024tuis,2024tuis2
9548,2024miesc,2024milsu
9549,2024misjo,2024miken
9550,2024bcvi
9551,2024ksla,2024okok
9552,2024code
9553,2024onosh,2024onnob
9554,2024inmis,2024ineva
9555,2024tuis3
9557,2024mxto
9558,2024mitry,2024mimcc
9559,2024ncwak,2024ncmec
9560,2024tuis3
9561,2024scand,2024gagwi
9562,2024onsca,2024onwat
9563,2024txhou,2024txcle
9564,2024cala
9565,2024tuhc
9566,2024miber,2024miken
9567,2024orore,2024orwil
9568,2024milac,2024mitvc
9569,2024onsca,2024onosh
9570,2024iacf
9571,2024scand,2024sccha
9572,2024mike2,2024miliv
9573,2024casd
9574,2024ausc
9575,2024ontor,2024onham
9576,2024ndgf,2024wila
9577,2024txwac,2024txsan
9578,2024wila
9579,2024iacf
9580,2024onnew,2024onbar
9581,2024waahs,2024wabon
9582,2024gadal,2024gacar
9583,2024tuhc,2024tuis3
9584,2024casf
9585,2024ilch
9586,2024code
9587,2024ausc
9588,2024tuhc
9589,2024onosh,2024onnob
9590,2024alhu
9591,2024tuhc
9592,2024onnob,2024onham
9593,2024mxmo,2024nvlv
9594,2024mimtp
9595,2024tuhc
9596,2024hiho
9597,2024ohmv
9598,2024caoc
9599,2024ausc
9600,2024orore,2024orwil
9601,2024tuis3
9602,2024brbr
9603,2024brbr
9604,2024brbr
9605,2024ncash,2024ncmec
9607,2024ncash,2024ncmec
9608,2024arli
9610,2024tuis2
9611,2024brbr
9613,2024orore,2024wayak
9614,2024brbr
9615,2024casd
9616,2024ausc
9617,2024brbr
9618,2024midtr,2024mitry
9619,2024tuis2
9620,2024txama
9621,2024onsca,2024onosh
9622,2024ohcl
9623,2024qcmo
9624,2024qcmo,2024nytr
9625,2024tuis2,2024tuhc
9626,2024mokc
9627,2024flor
9628,2024tuhc
9629,2024hiho
9630,2024mslr
9631,2024oktu
9632,2024vapor,2024mdowi
9634,2024cafr,2024cabe
9635,2024caph,2024cave
9636,2024nyny
9638,2024mibat,2024miken
9639,2024iacf
9640,2024bcvi,2024cada
9641,2024bcvi
9642,2024nytr,2024nyny
9643,2024ohcl
9644,2024mabri,2024mawor
9645,2024hiho
9646,2024nyli2
9647,2024tuis,2024tuis3
9648,2024miket,2024mimus
9649,2024bcvi
9650,2024miket,2024milac
9651,2024midtr,2024midet
9652,2024azgl
9653,2024ohcl
9654,2024ilch
9655,2024txwac,2024txama
9656,2024mxmo
9657,2024brbr
9658,2024txwac,2024txsan
9659,2024onsca,2024onwat
9660,2024lake
9661,2024mimid,2024mimtp
9662,2024miket,2024mimid
9663,2024onwat,2024onwin
9664,2024txbel,2024txsan
9665,2024mitvc,2024mimtp
9666,2024caav
9667,2024okok
9668,2024tnkn
9669,2024ilch
9670,2024flor
9671,2024mibat,2024miken
9672,2024mibat,2024mimtp
9673,2024miket,2024mitvc
9674,2024miesc,2024milsu
9675,2024brbr
9676,2024wimi,2024wila
9678,2024onbar,2024onham
9679,2024mitry,2024mitr2
9680,2024wayak,2024orwil
9682,2024miesc,2024mimtp
9684,2024vaash
9685,2024mimil,2024mimid
9687,2024tuis,2024tuis2
9688,2024tuis
9689,2024tuis,2024tuhc
9690,2024tuhc,2024tuis3
9691,2024tuis
9692,2024tuhc,2024tuis3
9693,2024flwp
9694,2024tuis3
9695,2024tuis3
9696,2024cala
9697,2024miket,2024mitr2
9698,2024flta
9699,2024lake
9700,2024mslr
9701,2024okok
9702,2024mxpu,2024alhu
9703,2024mibat,2024milan
9704,2024azgl
9705,2024nysu
9706,2024cafr
9707,2024ncpem,2024ncwa2
9708,2024lake
9709,2024vaash,2024vagle
9710,2024ctwat,2024mawne
9711,2024flta
9712,2024mslr
9713,2024nysu
9714,2024txfor
9715,2024ausc
9716,2024flor
9717,2024mslr
9718,2024mslr
9719,2024bcvi
9720,2024flta
9721,2024miwmi,2024miken
9722,2024miesc,2024milsu
9723,2024mxpu
9724,2024ncpem,2024ncmec
9725,2024flwp
9726,2024idbo
9727,2024mimil,2024midet
9728,2024flor
9729,2024marea,2024mabos
9730,2024casd
9731,2024mimid,2024mitr2
9732,2024melew,2024nhdur
9733,2024miesc,2024mitr2
9734,2024mslr
9735,2024mimil,2024mibel
9736,2024mibro,2024mimcc
9737,2024idbo
9738,2024isde1
9739,2024isde1
9740,2024isde1
9741,2024isde1
9742,2024mimus,2024miken
9743,2024mibat,2024misjo
9744,2024mibro,2024midet
9745,2024ndgf
9747,2024mibro,2024mimcc
9748,2024mibro,2024mitr2
9749,2024mibel,2024mitr2
9750,2024nytr
9751,2024midtr,2024mitr2
9752,2024txpla,2024txfor
9753,2024milan
9754,2024mimus,2024mimtp
9755,2024miesc,2024mimtp
9756,2024mimus,2024miken
9757,2024miket,2024mitr2
9758,2024miber,2024misjo
9759,2024mibat,2024mimid
9760,2024wimi
9761,2024lake
9762,2024ncpem,2024ncmec
9763,2024mibat,2024misjo
9764,2024flta
9765,2024mibkn
9766,2024ohcl
9767,2024ohcl
9768,2024mslr
9769,2024onbar,2024onwin
9770,2024gadal,2024gacar
9771,2024miber,2024mitvc
9772,2024caoc
9773,2024miesc,2024mitvc
9775,2024mibel,2024mimcc
9776,2024mike2,2024mitr2
9777,2024azva
9778,2024flor
9779,2024flwp
